{
   "directed": true,
   "multigraph": true,
   "graph": {},
   "nodes": [
      {
         "shpcountry": "Utoporiana",
         "dataset": "MC2",
         "id": "Harbah Motorboat AG Shipping"
      },
      {
         "rcvcountry": "Oceanus",
         "dataset": "MC2",
         "id": "Playa del Tesoro Ges.m.b.H."
      },
      {
         "shpcountry": "Icarnia",
         "dataset": "MC2",
         "id": "Zambezi Rapids  Brine Oyj Carriers"
      },
      {
         "rcvcountry": "Azurionix",
         "dataset": "MC2",
         "id": "Caracola del Sol Services"
      },
      {
         "shpcountry": "Kethilim",
         "dataset": "MC2",
         "id": "Ob River Coral AB Marine"
      },
      {
         "rcvcountry": "Azurionix",
         "dataset": "MC2",
         "id": "Tide Turners S.A. de C.V. Marine"
      },
      {
         "rcvcountry": "Oceanus",
         "dataset": "MC2",
         "id": "Selous Game Reserve  Kga"
      },
      {
         "shpcountry": "Khamseena",
         "dataset": "MC2",
         "id": "Yu xian  Ltd. Liability Co Freight "
      },
      {
         "rcvcountry": "Azurionix",
         "dataset": "MC2",
         "id": "Mar del Este CJSC"
      },
      {
         "shpcountry": "Isliandor",
         "dataset": "MC2",
         "id": "Greek Octopus Company Distribution"
      },
      {
         "rcvcountry": "Azurionix",
         "dataset": "MC2",
         "id": "TunaTreat Company Marine sanctuary"
      },
      {
         "shpcountry": "Coralmarica",
         "dataset": "MC2",
         "id": "Oceanic Oracle GmbH America"
      },
      {
         "rcvcountry": "Azurionix",
         "dataset": "MC2",
         "id": "h\u01cei d\u01cen Corporation Wharf"
      },
      {
         "rcvcountry": "Azurionix",
         "dataset": "MC2",
         "id": "Mandalore S.A. de C.V. Logistics"
      },
      {
         "shpcountry": "Marebak",
         "dataset": "MC2",
         "id": "Dry Creek Ltd. Corporation"
      },
      {
         "rcvcountry": "Oceanus",
         "dataset": "MC2",
         "id": "Perla del Mar SRL"
      },
      {
         "shpcountry": "Marebak",
         "dataset": "MC2",
         "id": "Coastal Cruisers Pic Shipping"
      },
      {
         "shpcountry": "Mawazam",
         "dataset": "MC2",
         "id": "Asiotr Green  SE Marine sanctuary"
      },
      {
         "rcvcountry": "Azurionix",
         "dataset": "MC2",
         "id": "Coral Cove BV Delivery"
      },
      {
         "shpcountry": "Kondanovia",
         "dataset": "MC2",
         "id": "Zambezi Valley  Marine biology"
      },
      {
         "rcvcountry": "Azurionix",
         "dataset": "MC2",
         "id": "Oc\u00e9ano de Coral Corporation Express"
      },
      {
         "shpcountry": "Kondanovia",
         "dataset": "MC2",
         "id": "N\u00e1utica del Mar AG"
      },
      {
         "rcvcountry": "Azurionix",
         "dataset": "MC2",
         "id": "Fisherman's Best Marine conservation"
      },
      {
         "shpcountry": "Marebak",
         "dataset": "MC2",
         "id": "Agua Limited Liability Company Transit"
      },
      {
         "rcvcountry": "Azurionix",
         "dataset": "MC2",
         "id": "Kong zhong diao yu  Ges.m.b.H."
      },
      {
         "shpcountry": "Rio Isla",
         "dataset": "MC2",
         "id": "Danish Shrimp Kga Solutions"
      },
      {
         "rcvcountry": "Azurionix",
         "dataset": "MC2",
         "id": "-48"
      },
      {
         "shpcountry": "Zawalinda",
         "dataset": "MC2",
         "id": "Diao yu bi sai  Company"
      },
      {
         "shpcountry": "Marebak",
         "dataset": "MC2",
         "id": "Kerala  Market SRL Wave"
      },
      {
         "rcvcountry": "Azurionix",
         "dataset": "MC2",
         "id": "-2"
      },
      {
         "shpcountry": "Marebak",
         "dataset": "MC2",
         "id": "Ola de la Costa N.V."
      },
      {
         "rcvcountry": "Oceanus",
         "dataset": "MC2",
         "id": "Gvardeysk S.A. de C.V."
      },
      {
         "shpcountry": "Kethilim",
         "dataset": "MC2",
         "id": "Chhattisgarh  A/S & Son's"
      },
      {
         "rcvcountry": "Azurionix",
         "dataset": "MC2",
         "id": "Sea Breezes GmbH & Co. KG Shark"
      },
      {
         "rcvcountry": "Azurionix",
         "dataset": "MC2",
         "id": "Lake Turkana  Charter Boat  NV Marine"
      },
      {
         "shpcountry": "Alverossia",
         "dataset": "MC2",
         "id": "Estrella de Mar Consultants -"
      },
      {
         "rcvcountry": "Oceanus",
         "dataset": "MC2",
         "id": "Haryana Sea  Plc Consulting"
      },
      {
         "rcvcountry": "Azurionix",
         "dataset": "MC2",
         "id": "Brisa del Mar LC"
      },
      {
         "shpcountry": "Osterivaria",
         "dataset": "MC2",
         "id": "Isla del Tesoro SE Transport"
      },
      {
         "rcvcountry": "Azurionix",
         "dataset": "MC2",
         "id": "Pao gan SE Seal"
      },
      {
         "shpcountry": "Marebak",
         "dataset": "MC2",
         "id": "Mar del Oeste Transport"
      },
      {
         "rcvcountry": "Azurionix",
         "dataset": "MC2",
         "id": "Sailors and Surfers Incorporated Enterprises"
      },
      {
         "shpcountry": "Marebak",
         "dataset": "MC2",
         "id": "David Limited Liability Company Worldwide"
      },
      {
         "rcvcountry": "Coralmarica",
         "dataset": "MC2",
         "id": "Belgian Cod BV Solutions"
      },
      {
         "shpcountry": "Marebak",
         "dataset": "MC2",
         "id": "French Crab Pic Marine conservation"
      },
      {
         "rcvcountry": "Azurionix",
         "dataset": "MC2",
         "id": "Yu gou  Ltd. Corporation"
      },
      {
         "shpcountry": "Marebak",
         "dataset": "MC2",
         "id": "2 Limited Liability Company"
      },
      {
         "shpcountry": "Marebak",
         "dataset": "MC2",
         "id": "b\u00e1i su\u014d w\u011bn l\u00fa AS"
      },
      {
         "shpcountry": "Mawazam",
         "dataset": "MC2",
         "id": "Mar de Estrellas N.V."
      },
      {
         "rcvcountry": "Azurionix",
         "dataset": "MC2",
         "id": "Ancla Azul Transportation Seafaring"
      },
      {
         "shpcountry": "Marebak",
         "dataset": "MC2",
         "id": "Uttar Pradesh s CJSC"
      },
      {
         "shpcountry": "Marebak",
         "dataset": "MC2",
         "id": "Victoria Falls   Pier Corp Solutions"
      },
      {
         "rcvcountry": "Azurionix",
         "dataset": "MC2",
         "id": "Arunachal Pradesh s Brine"
      },
      {
         "shpcountry": "Alverossia",
         "dataset": "MC2",
         "id": "Mar de Cristalino Yacht"
      },
      {
         "rcvcountry": "Azurionix",
         "dataset": "MC2",
         "id": "ReefRider Foods Ltd. Corporation Family"
      },
      {
         "shpcountry": "Marebak",
         "dataset": "MC2",
         "id": "Mar de Cielo S.A. de C.V. Manatee"
      },
      {
         "shpcountry": "Vesperandia del Mar",
         "dataset": "MC2",
         "id": "Faroe Islands Shrimp Corporation"
      },
      {
         "rcvcountry": "Azurionix",
         "dataset": "MC2",
         "id": "SeaTree Ltd. Liability Co Holdings"
      },
      {
         "shpcountry": "Sol y Oceana",
         "dataset": "MC2",
         "id": "Coral del Cielo A/S"
      },
      {
         "shpcountry": "Isliandor",
         "dataset": "MC2",
         "id": "Costa del Mar BV Consulting"
      },
      {
         "rcvcountry": "Oceanus",
         "dataset": "MC2",
         "id": "SaltwaterSatisfactions Incorporated Marine ecology"
      },
      {
         "shpcountry": "Marebak",
         "dataset": "MC2",
         "id": "Mar de la Felicidad NV Investment"
      },
      {
         "rcvcountry": "Oceanus",
         "dataset": "MC2",
         "id": "Caracola de Coral Oyj"
      },
      {
         "shpcountry": "Kondanovia",
         "dataset": "MC2",
         "id": "Mar de la Luna Ltd. Corporation"
      },
      {
         "shpcountry": "Marebak",
         "dataset": "MC2",
         "id": "Maharashtra   Limited Liability Company"
      },
      {
         "rcvcountry": "Azurionix",
         "dataset": "MC2",
         "id": "N\u00e1utica del Sol Corporation"
      },
      {
         "shpcountry": "Kondanovia",
         "dataset": "MC2",
         "id": "Oceanic Explorers Sagl Chart"
      },
      {
         "shpcountry": "Kondanovia",
         "dataset": "MC2",
         "id": "French Crab S.p.A. Worldwide"
      },
      {
         "rcvcountry": "Coralmarica",
         "dataset": "MC2",
         "id": "Serengeti  Inc. Ltd Seabed"
      },
      {
         "shpcountry": "Alverossia",
         "dataset": "MC2",
         "id": "Bujagali Falls  Oyj Marine"
      },
      {
         "rcvcountry": "Azurionix",
         "dataset": "MC2",
         "id": "Coral Cove Corporation Delivery"
      },
      {
         "shpcountry": "Marebak",
         "dataset": "MC2",
         "id": "Nile   S.A. de C.V."
      },
      {
         "shpcountry": "Marebak",
         "dataset": "MC2",
         "id": "Mar de la Aventura & Incorporated Shipping"
      },
      {
         "rcvcountry": "Azurionix",
         "dataset": "MC2",
         "id": "Dutch  Ltd. Liability Co Consultants"
      },
      {
         "shpcountry": "Coralmarica",
         "dataset": "MC2",
         "id": "bi\u0101n y\u00fa AG Forwading"
      },
      {
         "rcvcountry": "Azurionix",
         "dataset": "MC2",
         "id": "Costa del Sol A/S"
      },
      {
         "shpcountry": "Merigrad",
         "dataset": "MC2",
         "id": "Nautical Navigators Limited Liability Company Holdings"
      },
      {
         "rcvcountry": "Azurionix",
         "dataset": "MC2",
         "id": "CoralCove GmbH & Co. KG"
      },
      {
         "shpcountry": "Marebak",
         "dataset": "MC2",
         "id": "Estrella del Mar Logistics Charter Boat "
      },
      {
         "rcvcountry": "Azurionix",
         "dataset": "MC2",
         "id": "Saltwater Supreme \u041e\u0410\u041e Forwading"
      },
      {
         "shpcountry": "Marebak",
         "dataset": "MC2",
         "id": "xi\u01ceo l\u00f3ng xi\u0101 LC"
      },
      {
         "rcvcountry": "Azurionix",
         "dataset": "MC2",
         "id": "-49"
      },
      {
         "shpcountry": "Rio Isla",
         "dataset": "MC2",
         "id": "Kallianassa Fish  AG Solutions"
      },
      {
         "shpcountry": "Marebak",
         "dataset": "MC2",
         "id": "Cymopoleia & Son's Estuary"
      },
      {
         "shpcountry": "Riodelsol",
         "dataset": "MC2",
         "id": "Costa del Mar NV"
      },
      {
         "shpcountry": "Marebak",
         "dataset": "MC2",
         "id": "Mar y Luna Co"
      },
      {
         "shpcountry": "Rio Isla",
         "dataset": "MC2",
         "id": "Chuan gou  Ltd Marine ecology"
      },
      {
         "rcvcountry": "Oceanus",
         "dataset": "MC2",
         "id": "Norwegian King Crab S.A. de C.V."
      },
      {
         "rcvcountry": "Azurionix",
         "dataset": "MC2",
         "id": "Coastal Currents Ltd. Liability Co Delivery"
      },
      {
         "rcvcountry": "Azurionix",
         "dataset": "MC2",
         "id": "Caracola Azul Ltd. Corporation"
      },
      {
         "shpcountry": "Mawazam",
         "dataset": "MC2",
         "id": "Wave Watchers SE Express"
      },
      {
         "shpcountry": "Coralada",
         "dataset": "MC2",
         "id": "Saltwater Sisters Ltd. Corporation Shipping"
      },
      {
         "shpcountry": "Merigrad",
         "dataset": "MC2",
         "id": "Paradera S.A. de C.V."
      },
      {
         "rcvcountry": "Azurionix",
         "dataset": "MC2",
         "id": "Caracola Azul Oyj &"
      },
      {
         "shpcountry": "Alverossia",
         "dataset": "MC2",
         "id": "Saltwater Solutions AB Marine conservation"
      },
      {
         "rcvcountry": "Azurionix",
         "dataset": "MC2",
         "id": "Dry Creek Incorporated Laksa"
      },
      {
         "shpcountry": "Oceanus",
         "dataset": "MC2",
         "id": "Oceanic Oracle GmbH & Co. KG"
      },
      {
         "shpcountry": "Marebak",
         "dataset": "MC2",
         "id": "Caspian Sea   Company Seafarer"
      },
      {
         "rcvcountry": "Oceanus",
         "dataset": "MC2",
         "id": "Kilimajaro Slopes   Oceanfront AB Overseas"
      },
      {
         "shpcountry": "Kondanovia",
         "dataset": "MC2",
         "id": "The Salted Pearl AG Marine conservation"
      },
      {
         "rcvcountry": "Azurionix",
         "dataset": "MC2",
         "id": "Turkish Salmon A/S Marine"
      },
      {
         "shpcountry": "Marebak",
         "dataset": "MC2",
         "id": "Wave Watchers Underwater Ltd. Corporation Solutions"
      },
      {
         "rcvcountry": "Azurionix",
         "dataset": "MC2",
         "id": "Yu xian  SRL Industrial"
      },
      {
         "shpcountry": "Mawazam",
         "dataset": "MC2",
         "id": "Kong zhong diao yu  Ltd"
      },
      {
         "shpcountry": "Rio Isla",
         "dataset": "MC2",
         "id": "Ianira Starfish Sagl Import"
      },
      {
         "rcvcountry": "Azurionix",
         "dataset": "MC2",
         "id": "xi\u01ceo xi\u0101 Cargo  Corp Carriers"
      },
      {
         "shpcountry": "Talandria",
         "dataset": "MC2",
         "id": "Haryana Sea  Mussel Inc Export"
      },
      {
         "rcvcountry": "Azurionix",
         "dataset": "MC2",
         "id": "Uttar Pradesh s Barracuda"
      },
      {
         "shpcountry": "Marebak",
         "dataset": "MC2",
         "id": "Ancla del Mar Marine ecology"
      },
      {
         "rcvcountry": "Azurionix",
         "dataset": "MC2",
         "id": "Coastal Castaway Coast Corporation Worldwide"
      },
      {
         "shpcountry": "Marebak",
         "dataset": "MC2",
         "id": "Manipur  Market Ltd. Liability Co"
      },
      {
         "rcvcountry": "Azurionix",
         "dataset": "MC2",
         "id": "Olas del Sur Ltd"
      },
      {
         "shpcountry": "Marebak",
         "dataset": "MC2",
         "id": "Jammu Ltd. Liability Co"
      },
      {
         "rcvcountry": "Azurionix",
         "dataset": "MC2",
         "id": "Costa de la Felicidad Shipping"
      },
      {
         "rcvcountry": "Azurionix",
         "dataset": "MC2",
         "id": "Gujarat  S.A. de C.V."
      },
      {
         "shpcountry": "Mawazam",
         "dataset": "MC2",
         "id": "Irish Trout Inc Solutions"
      },
      {
         "shpcountry": "Alverossia",
         "dataset": "MC2",
         "id": "Selous Game Reserve  Sp Distribution"
      },
      {
         "rcvcountry": "Azurionix",
         "dataset": "MC2",
         "id": "Uttarakhand  Market Limited Liability Company Nautical"
      },
      {
         "shpcountry": "Marebak",
         "dataset": "MC2",
         "id": "SRL Ltd. Liability Co"
      },
      {
         "rcvcountry": "Azurionix",
         "dataset": "MC2",
         "id": "Panope Limited Liability Company"
      }
   ],
   "links": [
      {
         "arrivaldate": "2034-08-13",
         "hscode": 845490,
         "volumeteu": 0.0,
         "weightkg": 6805,
         "generated_by": "salmon_wgl",
         "dataset": "MC2",
         "source": "Harbah Motorboat AG Shipping",
         "target": "Playa del Tesoro Ges.m.b.H."
      },
      {
         "arrivaldate": "2034-08-13",
         "hscode": 845490,
         "volumeteu": 0.0,
         "weightkg": 6805,
         "generated_by": "salmon_wgl",
         "dataset": "MC2",
         "source": "Harbah Motorboat AG Shipping",
         "target": "Playa del Tesoro Ges.m.b.H."
      },
      {
         "arrivaldate": "2034-08-13",
         "hscode": 845490,
         "volumeteu": 0.0,
         "weightkg": 6805,
         "generated_by": "salmon_wgl",
         "dataset": "MC2",
         "source": "Harbah Motorboat AG Shipping",
         "target": "Playa del Tesoro Ges.m.b.H."
      },
      {
         "arrivaldate": "2034-08-13",
         "hscode": 845490,
         "volumeteu": 0.0,
         "weightkg": 6805,
         "generated_by": "salmon_wgl",
         "dataset": "MC2",
         "source": "Harbah Motorboat AG Shipping",
         "target": "Playa del Tesoro Ges.m.b.H."
      },
      {
         "arrivaldate": "2034-08-13",
         "hscode": 845490,
         "volumeteu": 0.0,
         "weightkg": 6805,
         "generated_by": "salmon_wgl",
         "dataset": "MC2",
         "source": "Harbah Motorboat AG Shipping",
         "target": "Playa del Tesoro Ges.m.b.H."
      },
      {
         "arrivaldate": "2034-08-13",
         "hscode": 845490,
         "volumeteu": 0.0,
         "weightkg": 6805,
         "generated_by": "salmon_wgl",
         "dataset": "MC2",
         "source": "Harbah Motorboat AG Shipping",
         "target": "Playa del Tesoro Ges.m.b.H."
      },
      {
         "arrivaldate": "2034-08-13",
         "hscode": 845490,
         "volumeteu": 0.0,
         "weightkg": 6805,
         "generated_by": "salmon_wgl",
         "dataset": "MC2",
         "source": "Harbah Motorboat AG Shipping",
         "target": "Playa del Tesoro Ges.m.b.H."
      },
      {
         "arrivaldate": "2034-08-13",
         "hscode": 845490,
         "volumeteu": 0.0,
         "weightkg": 6805,
         "generated_by": "salmon_wgl",
         "dataset": "MC2",
         "source": "Harbah Motorboat AG Shipping",
         "target": "Playa del Tesoro Ges.m.b.H."
      },
      {
         "arrivaldate": "2034-08-13",
         "hscode": 845490,
         "volumeteu": 0.0,
         "weightkg": 6805,
         "generated_by": "salmon_wgl",
         "dataset": "MC2",
         "source": "Harbah Motorboat AG Shipping",
         "target": "Playa del Tesoro Ges.m.b.H."
      },
      {
         "arrivaldate": "2034-08-13",
         "hscode": 845490,
         "volumeteu": 0.0,
         "weightkg": 6805,
         "generated_by": "salmon_wgl",
         "dataset": "MC2",
         "source": "Harbah Motorboat AG Shipping",
         "target": "Playa del Tesoro Ges.m.b.H."
      },
      {
         "arrivaldate": "2034-08-13",
         "hscode": 845490,
         "volumeteu": 0.0,
         "weightkg": 6805,
         "generated_by": "salmon_wgl",
         "dataset": "MC2",
         "source": "Harbah Motorboat AG Shipping",
         "target": "Playa del Tesoro Ges.m.b.H."
      },
      {
         "arrivaldate": "2034-08-13",
         "hscode": 845490,
         "volumeteu": 0.0,
         "weightkg": 6805,
         "generated_by": "salmon_wgl",
         "dataset": "MC2",
         "source": "Harbah Motorboat AG Shipping",
         "target": "Playa del Tesoro Ges.m.b.H."
      },
      {
         "arrivaldate": "2034-08-13",
         "hscode": 845490,
         "volumeteu": 0.0,
         "weightkg": 6805,
         "generated_by": "salmon_wgl",
         "dataset": "MC2",
         "source": "Harbah Motorboat AG Shipping",
         "target": "Playa del Tesoro Ges.m.b.H."
      },
      {
         "arrivaldate": "2034-08-13",
         "hscode": 845490,
         "volumeteu": 0.0,
         "weightkg": 6805,
         "generated_by": "salmon_wgl",
         "dataset": "MC2",
         "source": "Harbah Motorboat AG Shipping",
         "target": "Playa del Tesoro Ges.m.b.H."
      },
      {
         "arrivaldate": "2034-08-13",
         "hscode": 845490,
         "volumeteu": 0.0,
         "weightkg": 6805,
         "generated_by": "salmon_wgl",
         "dataset": "MC2",
         "source": "Harbah Motorboat AG Shipping",
         "target": "Playa del Tesoro Ges.m.b.H."
      },
      {
         "arrivaldate": "2034-08-13",
         "hscode": 845490,
         "volumeteu": 0.0,
         "weightkg": 6805,
         "generated_by": "salmon_wgl",
         "dataset": "MC2",
         "source": "Harbah Motorboat AG Shipping",
         "target": "Playa del Tesoro Ges.m.b.H."
      },
      {
         "arrivaldate": "2034-08-13",
         "hscode": 845490,
         "volumeteu": 0.0,
         "weightkg": 6805,
         "generated_by": "salmon_wgl",
         "dataset": "MC2",
         "source": "Harbah Motorboat AG Shipping",
         "target": "Playa del Tesoro Ges.m.b.H."
      },
      {
         "arrivaldate": "2034-08-13",
         "hscode": 845490,
         "volumeteu": 0.0,
         "weightkg": 6805,
         "generated_by": "salmon_wgl",
         "dataset": "MC2",
         "source": "Harbah Motorboat AG Shipping",
         "target": "Playa del Tesoro Ges.m.b.H."
      },
      {
         "arrivaldate": "2034-08-13",
         "hscode": 845490,
         "volumeteu": 0.0,
         "weightkg": 6805,
         "generated_by": "salmon_wgl",
         "dataset": "MC2",
         "source": "Harbah Motorboat AG Shipping",
         "target": "Playa del Tesoro Ges.m.b.H."
      },
      {
         "arrivaldate": "2034-08-13",
         "hscode": 845490,
         "volumeteu": 0.0,
         "weightkg": 6805,
         "generated_by": "salmon_wgl",
         "dataset": "MC2",
         "source": "Harbah Motorboat AG Shipping",
         "target": "Playa del Tesoro Ges.m.b.H."
      },
      {
         "arrivaldate": "2034-08-13",
         "hscode": 845490,
         "volumeteu": 0.0,
         "weightkg": 6805,
         "generated_by": "salmon_wgl",
         "dataset": "MC2",
         "source": "Harbah Motorboat AG Shipping",
         "target": "Playa del Tesoro Ges.m.b.H."
      },
      {
         "arrivaldate": "2034-08-13",
         "hscode": 845490,
         "volumeteu": 0.0,
         "weightkg": 6805,
         "generated_by": "salmon_wgl",
         "dataset": "MC2",
         "source": "Harbah Motorboat AG Shipping",
         "target": "Playa del Tesoro Ges.m.b.H."
      },
      {
         "arrivaldate": "2034-08-13",
         "hscode": 845490,
         "volumeteu": 0.0,
         "weightkg": 6805,
         "generated_by": "salmon_wgl",
         "dataset": "MC2",
         "source": "Harbah Motorboat AG Shipping",
         "target": "Playa del Tesoro Ges.m.b.H."
      },
      {
         "arrivaldate": "2034-08-13",
         "hscode": 845490,
         "volumeteu": 0.0,
         "weightkg": 6805,
         "generated_by": "salmon_wgl",
         "dataset": "MC2",
         "source": "Harbah Motorboat AG Shipping",
         "target": "Playa del Tesoro Ges.m.b.H."
      },
      {
         "arrivaldate": "2034-08-13",
         "hscode": 845490,
         "volumeteu": 0.0,
         "weightkg": 6805,
         "generated_by": "salmon_wgl",
         "dataset": "MC2",
         "source": "Harbah Motorboat AG Shipping",
         "target": "Playa del Tesoro Ges.m.b.H."
      },
      {
         "arrivaldate": "2034-11-12",
         "hscode": 300510,
         "valueofgoods_omu": 180130.0,
         "volumeteu": 0.0,
         "weightkg": 1985,
         "generated_by": "salmon_wgl",
         "dataset": "MC2",
         "source": "Zambezi Rapids  Brine Oyj Carriers",
         "target": "Caracola del Sol Services"
      },
      {
         "arrivaldate": "2034-11-12",
         "hscode": 300510,
         "valueofgoods_omu": 180130.0,
         "volumeteu": 0.0,
         "weightkg": 1985,
         "generated_by": "salmon_wgl",
         "dataset": "MC2",
         "source": "Zambezi Rapids  Brine Oyj Carriers",
         "target": "Caracola del Sol Services"
      },
      {
         "arrivaldate": "2034-11-12",
         "hscode": 300510,
         "valueofgoods_omu": 180130.0,
         "volumeteu": 0.0,
         "weightkg": 1985,
         "generated_by": "salmon_wgl",
         "dataset": "MC2",
         "source": "Zambezi Rapids  Brine Oyj Carriers",
         "target": "Caracola del Sol Services"
      },
      {
         "arrivaldate": "2034-11-12",
         "hscode": 300510,
         "valueofgoods_omu": 180130.0,
         "volumeteu": 0.0,
         "weightkg": 1985,
         "generated_by": "salmon_wgl",
         "dataset": "MC2",
         "source": "Zambezi Rapids  Brine Oyj Carriers",
         "target": "Caracola del Sol Services"
      },
      {
         "arrivaldate": "2034-11-12",
         "hscode": 300510,
         "valueofgoods_omu": 180130.0,
         "volumeteu": 0.0,
         "weightkg": 1985,
         "generated_by": "salmon_wgl",
         "dataset": "MC2",
         "source": "Zambezi Rapids  Brine Oyj Carriers",
         "target": "Caracola del Sol Services"
      },
      {
         "arrivaldate": "2034-11-12",
         "hscode": 300510,
         "valueofgoods_omu": 180130.0,
         "volumeteu": 0.0,
         "weightkg": 1985,
         "generated_by": "salmon_wgl",
         "dataset": "MC2",
         "source": "Zambezi Rapids  Brine Oyj Carriers",
         "target": "Caracola del Sol Services"
      },
      {
         "arrivaldate": "2034-11-12",
         "hscode": 300510,
         "valueofgoods_omu": 180130.0,
         "volumeteu": 0.0,
         "weightkg": 1985,
         "generated_by": "salmon_wgl",
         "dataset": "MC2",
         "source": "Zambezi Rapids  Brine Oyj Carriers",
         "target": "Caracola del Sol Services"
      },
      {
         "arrivaldate": "2034-11-12",
         "hscode": 300510,
         "valueofgoods_omu": 180130.0,
         "volumeteu": 0.0,
         "weightkg": 1985,
         "generated_by": "salmon_wgl",
         "dataset": "MC2",
         "source": "Zambezi Rapids  Brine Oyj Carriers",
         "target": "Caracola del Sol Services"
      },
      {
         "arrivaldate": "2034-11-12",
         "hscode": 300510,
         "valueofgoods_omu": 180130.0,
         "volumeteu": 0.0,
         "weightkg": 1985,
         "generated_by": "salmon_wgl",
         "dataset": "MC2",
         "source": "Zambezi Rapids  Brine Oyj Carriers",
         "target": "Caracola del Sol Services"
      },
      {
         "arrivaldate": "2034-11-12",
         "hscode": 300510,
         "valueofgoods_omu": 180130.0,
         "volumeteu": 0.0,
         "weightkg": 1985,
         "generated_by": "salmon_wgl",
         "dataset": "MC2",
         "source": "Zambezi Rapids  Brine Oyj Carriers",
         "target": "Caracola del Sol Services"
      },
      {
         "arrivaldate": "2034-11-12",
         "hscode": 300510,
         "valueofgoods_omu": 180130.0,
         "volumeteu": 0.0,
         "weightkg": 1985,
         "generated_by": "salmon_wgl",
         "dataset": "MC2",
         "source": "Zambezi Rapids  Brine Oyj Carriers",
         "target": "Caracola del Sol Services"
      },
      {
         "arrivaldate": "2034-11-12",
         "hscode": 300510,
         "valueofgoods_omu": 180130.0,
         "volumeteu": 0.0,
         "weightkg": 1985,
         "generated_by": "salmon_wgl",
         "dataset": "MC2",
         "source": "Zambezi Rapids  Brine Oyj Carriers",
         "target": "Caracola del Sol Services"
      },
      {
         "arrivaldate": "2034-11-12",
         "hscode": 300510,
         "valueofgoods_omu": 180130.0,
         "volumeteu": 0.0,
         "weightkg": 1985,
         "generated_by": "salmon_wgl",
         "dataset": "MC2",
         "source": "Zambezi Rapids  Brine Oyj Carriers",
         "target": "Caracola del Sol Services"
      },
      {
         "arrivaldate": "2034-11-12",
         "hscode": 300510,
         "valueofgoods_omu": 180130.0,
         "volumeteu": 0.0,
         "weightkg": 1985,
         "generated_by": "salmon_wgl",
         "dataset": "MC2",
         "source": "Zambezi Rapids  Brine Oyj Carriers",
         "target": "Caracola del Sol Services"
      },
      {
         "arrivaldate": "2034-11-12",
         "hscode": 300510,
         "valueofgoods_omu": 180130.0,
         "volumeteu": 0.0,
         "weightkg": 1985,
         "generated_by": "salmon_wgl",
         "dataset": "MC2",
         "source": "Zambezi Rapids  Brine Oyj Carriers",
         "target": "Caracola del Sol Services"
      },
      {
         "arrivaldate": "2034-11-12",
         "hscode": 300510,
         "valueofgoods_omu": 180130.0,
         "volumeteu": 0.0,
         "weightkg": 1985,
         "generated_by": "salmon_wgl",
         "dataset": "MC2",
         "source": "Zambezi Rapids  Brine Oyj Carriers",
         "target": "Caracola del Sol Services"
      },
      {
         "arrivaldate": "2034-11-12",
         "hscode": 300510,
         "valueofgoods_omu": 180130.0,
         "volumeteu": 0.0,
         "weightkg": 1985,
         "generated_by": "salmon_wgl",
         "dataset": "MC2",
         "source": "Zambezi Rapids  Brine Oyj Carriers",
         "target": "Caracola del Sol Services"
      },
      {
         "arrivaldate": "2034-11-12",
         "hscode": 300510,
         "valueofgoods_omu": 180130.0,
         "volumeteu": 0.0,
         "weightkg": 1985,
         "generated_by": "salmon_wgl",
         "dataset": "MC2",
         "source": "Zambezi Rapids  Brine Oyj Carriers",
         "target": "Caracola del Sol Services"
      },
      {
         "arrivaldate": "2034-11-12",
         "hscode": 300510,
         "valueofgoods_omu": 180130.0,
         "volumeteu": 0.0,
         "weightkg": 1985,
         "generated_by": "salmon_wgl",
         "dataset": "MC2",
         "source": "Zambezi Rapids  Brine Oyj Carriers",
         "target": "Caracola del Sol Services"
      },
      {
         "arrivaldate": "2034-11-12",
         "hscode": 300510,
         "valueofgoods_omu": 180130.0,
         "volumeteu": 0.0,
         "weightkg": 1985,
         "generated_by": "salmon_wgl",
         "dataset": "MC2",
         "source": "Zambezi Rapids  Brine Oyj Carriers",
         "target": "Caracola del Sol Services"
      },
      {
         "arrivaldate": "2034-11-12",
         "hscode": 300510,
         "valueofgoods_omu": 180130.0,
         "volumeteu": 0.0,
         "weightkg": 1985,
         "generated_by": "salmon_wgl",
         "dataset": "MC2",
         "source": "Zambezi Rapids  Brine Oyj Carriers",
         "target": "Caracola del Sol Services"
      },
      {
         "arrivaldate": "2034-11-12",
         "hscode": 300510,
         "valueofgoods_omu": 180130.0,
         "volumeteu": 0.0,
         "weightkg": 1985,
         "generated_by": "salmon_wgl",
         "dataset": "MC2",
         "source": "Zambezi Rapids  Brine Oyj Carriers",
         "target": "Caracola del Sol Services"
      },
      {
         "arrivaldate": "2034-11-12",
         "hscode": 300510,
         "valueofgoods_omu": 180130.0,
         "volumeteu": 0.0,
         "weightkg": 1985,
         "generated_by": "salmon_wgl",
         "dataset": "MC2",
         "source": "Zambezi Rapids  Brine Oyj Carriers",
         "target": "Caracola del Sol Services"
      },
      {
         "arrivaldate": "2034-11-12",
         "hscode": 300510,
         "valueofgoods_omu": 180130.0,
         "volumeteu": 0.0,
         "weightkg": 1985,
         "generated_by": "salmon_wgl",
         "dataset": "MC2",
         "source": "Zambezi Rapids  Brine Oyj Carriers",
         "target": "Caracola del Sol Services"
      },
      {
         "arrivaldate": "2034-11-12",
         "hscode": 300510,
         "valueofgoods_omu": 180130.0,
         "volumeteu": 0.0,
         "weightkg": 1985,
         "generated_by": "salmon_wgl",
         "dataset": "MC2",
         "source": "Zambezi Rapids  Brine Oyj Carriers",
         "target": "Caracola del Sol Services"
      },
      {
         "arrivaldate": "2034-11-12",
         "hscode": 300510,
         "valueofgoods_omu": 180130.0,
         "volumeteu": 0.0,
         "weightkg": 1985,
         "generated_by": "salmon_wgl",
         "dataset": "MC2",
         "source": "Zambezi Rapids  Brine Oyj Carriers",
         "target": "Caracola del Sol Services"
      },
      {
         "arrivaldate": "2034-11-12",
         "hscode": 300510,
         "valueofgoods_omu": 180130.0,
         "volumeteu": 0.0,
         "weightkg": 1985,
         "generated_by": "salmon_wgl",
         "dataset": "MC2",
         "source": "Zambezi Rapids  Brine Oyj Carriers",
         "target": "Caracola del Sol Services"
      },
      {
         "arrivaldate": "2034-11-12",
         "hscode": 300510,
         "valueofgoods_omu": 180130.0,
         "volumeteu": 0.0,
         "weightkg": 1985,
         "generated_by": "salmon_wgl",
         "dataset": "MC2",
         "source": "Zambezi Rapids  Brine Oyj Carriers",
         "target": "Caracola del Sol Services"
      },
      {
         "arrivaldate": "2034-11-12",
         "hscode": 300510,
         "valueofgoods_omu": 180130.0,
         "volumeteu": 0.0,
         "weightkg": 1985,
         "generated_by": "salmon_wgl",
         "dataset": "MC2",
         "source": "Zambezi Rapids  Brine Oyj Carriers",
         "target": "Caracola del Sol Services"
      },
      {
         "arrivaldate": "2034-11-12",
         "hscode": 300510,
         "valueofgoods_omu": 180130.0,
         "volumeteu": 0.0,
         "weightkg": 1985,
         "generated_by": "salmon_wgl",
         "dataset": "MC2",
         "source": "Zambezi Rapids  Brine Oyj Carriers",
         "target": "Caracola del Sol Services"
      },
      {
         "arrivaldate": "2034-11-12",
         "hscode": 300510,
         "valueofgoods_omu": 180130.0,
         "volumeteu": 0.0,
         "weightkg": 1985,
         "generated_by": "salmon_wgl",
         "dataset": "MC2",
         "source": "Zambezi Rapids  Brine Oyj Carriers",
         "target": "Caracola del Sol Services"
      },
      {
         "arrivaldate": "2034-11-12",
         "hscode": 300510,
         "valueofgoods_omu": 180130.0,
         "volumeteu": 0.0,
         "weightkg": 1985,
         "generated_by": "salmon_wgl",
         "dataset": "MC2",
         "source": "Zambezi Rapids  Brine Oyj Carriers",
         "target": "Caracola del Sol Services"
      },
      {
         "arrivaldate": "2034-06-11",
         "hscode": 841290,
         "volumeteu": 0.0,
         "weightkg": 9785,
         "generated_by": "salmon_wgl",
         "dataset": "MC2",
         "source": "Ob River Coral AB Marine",
         "target": "Tide Turners S.A. de C.V. Marine"
      },
      {
         "arrivaldate": "2034-06-11",
         "hscode": 841290,
         "volumeteu": 0.0,
         "weightkg": 9785,
         "generated_by": "salmon_wgl",
         "dataset": "MC2",
         "source": "Ob River Coral AB Marine",
         "target": "Tide Turners S.A. de C.V. Marine"
      },
      {
         "arrivaldate": "2034-06-11",
         "hscode": 841290,
         "volumeteu": 0.0,
         "weightkg": 9785,
         "generated_by": "salmon_wgl",
         "dataset": "MC2",
         "source": "Ob River Coral AB Marine",
         "target": "Tide Turners S.A. de C.V. Marine"
      },
      {
         "arrivaldate": "2034-06-11",
         "hscode": 841290,
         "volumeteu": 0.0,
         "weightkg": 9785,
         "generated_by": "salmon_wgl",
         "dataset": "MC2",
         "source": "Ob River Coral AB Marine",
         "target": "Tide Turners S.A. de C.V. Marine"
      },
      {
         "arrivaldate": "2034-06-11",
         "hscode": 841290,
         "volumeteu": 0.0,
         "weightkg": 9785,
         "generated_by": "salmon_wgl",
         "dataset": "MC2",
         "source": "Ob River Coral AB Marine",
         "target": "Tide Turners S.A. de C.V. Marine"
      },
      {
         "arrivaldate": "2034-06-26",
         "hscode": 850790,
         "volumeteu": 0.0,
         "weightkg": 12690,
         "generated_by": "salmon_wgl",
         "dataset": "MC2",
         "source": "Ob River Coral AB Marine",
         "target": "Tide Turners S.A. de C.V. Marine"
      },
      {
         "arrivaldate": "2034-06-26",
         "hscode": 850790,
         "volumeteu": 0.0,
         "weightkg": 12690,
         "generated_by": "salmon_wgl",
         "dataset": "MC2",
         "source": "Ob River Coral AB Marine",
         "target": "Tide Turners S.A. de C.V. Marine"
      },
      {
         "arrivaldate": "2034-06-26",
         "hscode": 850790,
         "volumeteu": 0.0,
         "weightkg": 12690,
         "generated_by": "salmon_wgl",
         "dataset": "MC2",
         "source": "Ob River Coral AB Marine",
         "target": "Tide Turners S.A. de C.V. Marine"
      },
      {
         "arrivaldate": "2034-06-11",
         "hscode": 841290,
         "volumeteu": 0.0,
         "weightkg": 9785,
         "generated_by": "salmon_wgl",
         "dataset": "MC2",
         "source": "Ob River Coral AB Marine",
         "target": "Tide Turners S.A. de C.V. Marine"
      },
      {
         "arrivaldate": "2034-06-11",
         "hscode": 841290,
         "volumeteu": 0.0,
         "weightkg": 9785,
         "generated_by": "salmon_wgl",
         "dataset": "MC2",
         "source": "Ob River Coral AB Marine",
         "target": "Tide Turners S.A. de C.V. Marine"
      },
      {
         "arrivaldate": "2034-06-26",
         "hscode": 850790,
         "volumeteu": 0.0,
         "weightkg": 12690,
         "generated_by": "salmon_wgl",
         "dataset": "MC2",
         "source": "Ob River Coral AB Marine",
         "target": "Tide Turners S.A. de C.V. Marine"
      },
      {
         "arrivaldate": "2034-06-26",
         "hscode": 850790,
         "volumeteu": 0.0,
         "weightkg": 12690,
         "generated_by": "salmon_wgl",
         "dataset": "MC2",
         "source": "Ob River Coral AB Marine",
         "target": "Tide Turners S.A. de C.V. Marine"
      },
      {
         "arrivaldate": "2034-06-26",
         "hscode": 850790,
         "volumeteu": 0.0,
         "weightkg": 12690,
         "generated_by": "salmon_wgl",
         "dataset": "MC2",
         "source": "Ob River Coral AB Marine",
         "target": "Tide Turners S.A. de C.V. Marine"
      },
      {
         "arrivaldate": "2034-06-26",
         "hscode": 850790,
         "volumeteu": 0.0,
         "weightkg": 12690,
         "generated_by": "salmon_wgl",
         "dataset": "MC2",
         "source": "Ob River Coral AB Marine",
         "target": "Tide Turners S.A. de C.V. Marine"
      },
      {
         "arrivaldate": "2034-06-26",
         "hscode": 850790,
         "volumeteu": 0.0,
         "weightkg": 12690,
         "generated_by": "salmon_wgl",
         "dataset": "MC2",
         "source": "Ob River Coral AB Marine",
         "target": "Tide Turners S.A. de C.V. Marine"
      },
      {
         "arrivaldate": "2034-06-11",
         "hscode": 841290,
         "volumeteu": 0.0,
         "weightkg": 9785,
         "generated_by": "salmon_wgl",
         "dataset": "MC2",
         "source": "Ob River Coral AB Marine",
         "target": "Tide Turners S.A. de C.V. Marine"
      },
      {
         "arrivaldate": "2034-06-11",
         "hscode": 841290,
         "volumeteu": 0.0,
         "weightkg": 9785,
         "generated_by": "salmon_wgl",
         "dataset": "MC2",
         "source": "Ob River Coral AB Marine",
         "target": "Tide Turners S.A. de C.V. Marine"
      },
      {
         "arrivaldate": "2034-06-26",
         "hscode": 850790,
         "volumeteu": 0.0,
         "weightkg": 12690,
         "generated_by": "salmon_wgl",
         "dataset": "MC2",
         "source": "Ob River Coral AB Marine",
         "target": "Tide Turners S.A. de C.V. Marine"
      },
      {
         "arrivaldate": "2034-06-26",
         "hscode": 850790,
         "volumeteu": 0.0,
         "weightkg": 12690,
         "generated_by": "salmon_wgl",
         "dataset": "MC2",
         "source": "Ob River Coral AB Marine",
         "target": "Tide Turners S.A. de C.V. Marine"
      },
      {
         "arrivaldate": "2034-06-26",
         "hscode": 850790,
         "volumeteu": 0.0,
         "weightkg": 12690,
         "generated_by": "salmon_wgl",
         "dataset": "MC2",
         "source": "Ob River Coral AB Marine",
         "target": "Tide Turners S.A. de C.V. Marine"
      },
      {
         "arrivaldate": "2034-06-11",
         "hscode": 841290,
         "volumeteu": 0.0,
         "weightkg": 9785,
         "generated_by": "salmon_wgl",
         "dataset": "MC2",
         "source": "Ob River Coral AB Marine",
         "target": "Tide Turners S.A. de C.V. Marine"
      },
      {
         "arrivaldate": "2034-06-11",
         "hscode": 841290,
         "volumeteu": 0.0,
         "weightkg": 9785,
         "generated_by": "salmon_wgl",
         "dataset": "MC2",
         "source": "Ob River Coral AB Marine",
         "target": "Tide Turners S.A. de C.V. Marine"
      },
      {
         "arrivaldate": "2034-06-11",
         "hscode": 841290,
         "volumeteu": 0.0,
         "weightkg": 9785,
         "generated_by": "salmon_wgl",
         "dataset": "MC2",
         "source": "Ob River Coral AB Marine",
         "target": "Tide Turners S.A. de C.V. Marine"
      },
      {
         "arrivaldate": "2034-06-26",
         "hscode": 850790,
         "volumeteu": 0.0,
         "weightkg": 12690,
         "generated_by": "salmon_wgl",
         "dataset": "MC2",
         "source": "Ob River Coral AB Marine",
         "target": "Tide Turners S.A. de C.V. Marine"
      },
      {
         "arrivaldate": "2034-06-26",
         "hscode": 850790,
         "volumeteu": 0.0,
         "weightkg": 12690,
         "generated_by": "salmon_wgl",
         "dataset": "MC2",
         "source": "Ob River Coral AB Marine",
         "target": "Tide Turners S.A. de C.V. Marine"
      },
      {
         "arrivaldate": "2034-06-11",
         "hscode": 841290,
         "volumeteu": 0.0,
         "weightkg": 9785,
         "generated_by": "salmon_wgl",
         "dataset": "MC2",
         "source": "Ob River Coral AB Marine",
         "target": "Tide Turners S.A. de C.V. Marine"
      },
      {
         "arrivaldate": "2034-06-26",
         "hscode": 850790,
         "volumeteu": 0.0,
         "weightkg": 12690,
         "generated_by": "salmon_wgl",
         "dataset": "MC2",
         "source": "Ob River Coral AB Marine",
         "target": "Tide Turners S.A. de C.V. Marine"
      },
      {
         "arrivaldate": "2034-06-11",
         "hscode": 841290,
         "volumeteu": 0.0,
         "weightkg": 9785,
         "generated_by": "salmon_wgl",
         "dataset": "MC2",
         "source": "Ob River Coral AB Marine",
         "target": "Tide Turners S.A. de C.V. Marine"
      },
      {
         "arrivaldate": "2034-06-26",
         "hscode": 850790,
         "volumeteu": 0.0,
         "weightkg": 12690,
         "generated_by": "salmon_wgl",
         "dataset": "MC2",
         "source": "Ob River Coral AB Marine",
         "target": "Tide Turners S.A. de C.V. Marine"
      },
      {
         "arrivaldate": "2034-06-26",
         "hscode": 850790,
         "volumeteu": 0.0,
         "weightkg": 12690,
         "generated_by": "salmon_wgl",
         "dataset": "MC2",
         "source": "Ob River Coral AB Marine",
         "target": "Tide Turners S.A. de C.V. Marine"
      },
      {
         "arrivaldate": "2034-06-26",
         "hscode": 850790,
         "volumeteu": 0.0,
         "weightkg": 12690,
         "generated_by": "salmon_wgl",
         "dataset": "MC2",
         "source": "Ob River Coral AB Marine",
         "target": "Tide Turners S.A. de C.V. Marine"
      },
      {
         "arrivaldate": "2034-06-26",
         "hscode": 850790,
         "volumeteu": 0.0,
         "weightkg": 12690,
         "generated_by": "salmon_wgl",
         "dataset": "MC2",
         "source": "Ob River Coral AB Marine",
         "target": "Tide Turners S.A. de C.V. Marine"
      },
      {
         "arrivaldate": "2034-06-26",
         "hscode": 850790,
         "volumeteu": 0.0,
         "weightkg": 12690,
         "generated_by": "salmon_wgl",
         "dataset": "MC2",
         "source": "Ob River Coral AB Marine",
         "target": "Tide Turners S.A. de C.V. Marine"
      },
      {
         "arrivaldate": "2034-06-11",
         "hscode": 841290,
         "volumeteu": 0.0,
         "weightkg": 9785,
         "generated_by": "salmon_wgl",
         "dataset": "MC2",
         "source": "Ob River Coral AB Marine",
         "target": "Tide Turners S.A. de C.V. Marine"
      },
      {
         "arrivaldate": "2034-06-26",
         "hscode": 850790,
         "volumeteu": 0.0,
         "weightkg": 12690,
         "generated_by": "salmon_wgl",
         "dataset": "MC2",
         "source": "Ob River Coral AB Marine",
         "target": "Tide Turners S.A. de C.V. Marine"
      },
      {
         "arrivaldate": "2034-06-11",
         "hscode": 841290,
         "volumeteu": 0.0,
         "weightkg": 9785,
         "generated_by": "salmon_wgl",
         "dataset": "MC2",
         "source": "Ob River Coral AB Marine",
         "target": "Tide Turners S.A. de C.V. Marine"
      },
      {
         "arrivaldate": "2034-03-13",
         "hscode": 848180,
         "volumeteu": 0.0,
         "weightkg": 1480,
         "generated_by": "salmon_wgl",
         "dataset": "MC2",
         "source": "Ob River Coral AB Marine",
         "target": "Selous Game Reserve  Kga"
      },
      {
         "arrivaldate": "2034-03-13",
         "hscode": 848180,
         "volumeteu": 0.0,
         "weightkg": 1480,
         "generated_by": "salmon_wgl",
         "dataset": "MC2",
         "source": "Ob River Coral AB Marine",
         "target": "Selous Game Reserve  Kga"
      },
      {
         "arrivaldate": "2034-03-13",
         "hscode": 848180,
         "volumeteu": 0.0,
         "weightkg": 1480,
         "generated_by": "salmon_wgl",
         "dataset": "MC2",
         "source": "Ob River Coral AB Marine",
         "target": "Selous Game Reserve  Kga"
      },
      {
         "arrivaldate": "2034-03-13",
         "hscode": 848180,
         "volumeteu": 0.0,
         "weightkg": 1480,
         "generated_by": "salmon_wgl",
         "dataset": "MC2",
         "source": "Ob River Coral AB Marine",
         "target": "Selous Game Reserve  Kga"
      },
      {
         "arrivaldate": "2034-03-13",
         "hscode": 848180,
         "volumeteu": 0.0,
         "weightkg": 1480,
         "generated_by": "salmon_wgl",
         "dataset": "MC2",
         "source": "Ob River Coral AB Marine",
         "target": "Selous Game Reserve  Kga"
      },
      {
         "arrivaldate": "2034-03-13",
         "hscode": 848180,
         "volumeteu": 0.0,
         "weightkg": 1480,
         "generated_by": "salmon_wgl",
         "dataset": "MC2",
         "source": "Ob River Coral AB Marine",
         "target": "Selous Game Reserve  Kga"
      },
      {
         "arrivaldate": "2034-03-13",
         "hscode": 848180,
         "volumeteu": 0.0,
         "weightkg": 1480,
         "generated_by": "salmon_wgl",
         "dataset": "MC2",
         "source": "Ob River Coral AB Marine",
         "target": "Selous Game Reserve  Kga"
      },
      {
         "arrivaldate": "2034-03-13",
         "hscode": 848180,
         "volumeteu": 0.0,
         "weightkg": 1480,
         "generated_by": "salmon_wgl",
         "dataset": "MC2",
         "source": "Ob River Coral AB Marine",
         "target": "Selous Game Reserve  Kga"
      },
      {
         "arrivaldate": "2034-03-13",
         "hscode": 848180,
         "volumeteu": 0.0,
         "weightkg": 1480,
         "generated_by": "salmon_wgl",
         "dataset": "MC2",
         "source": "Ob River Coral AB Marine",
         "target": "Selous Game Reserve  Kga"
      },
      {
         "arrivaldate": "2034-03-13",
         "hscode": 848180,
         "volumeteu": 0.0,
         "weightkg": 1480,
         "generated_by": "salmon_wgl",
         "dataset": "MC2",
         "source": "Ob River Coral AB Marine",
         "target": "Selous Game Reserve  Kga"
      },
      {
         "arrivaldate": "2034-03-13",
         "hscode": 848180,
         "volumeteu": 0.0,
         "weightkg": 1480,
         "generated_by": "salmon_wgl",
         "dataset": "MC2",
         "source": "Ob River Coral AB Marine",
         "target": "Selous Game Reserve  Kga"
      },
      {
         "arrivaldate": "2034-03-13",
         "hscode": 848180,
         "volumeteu": 0.0,
         "weightkg": 1480,
         "generated_by": "salmon_wgl",
         "dataset": "MC2",
         "source": "Ob River Coral AB Marine",
         "target": "Selous Game Reserve  Kga"
      },
      {
         "arrivaldate": "2034-03-13",
         "hscode": 848180,
         "volumeteu": 0.0,
         "weightkg": 1480,
         "generated_by": "salmon_wgl",
         "dataset": "MC2",
         "source": "Ob River Coral AB Marine",
         "target": "Selous Game Reserve  Kga"
      },
      {
         "arrivaldate": "2034-03-13",
         "hscode": 848180,
         "volumeteu": 0.0,
         "weightkg": 1480,
         "generated_by": "salmon_wgl",
         "dataset": "MC2",
         "source": "Ob River Coral AB Marine",
         "target": "Selous Game Reserve  Kga"
      },
      {
         "arrivaldate": "2034-03-13",
         "hscode": 848180,
         "volumeteu": 0.0,
         "weightkg": 1480,
         "generated_by": "salmon_wgl",
         "dataset": "MC2",
         "source": "Ob River Coral AB Marine",
         "target": "Selous Game Reserve  Kga"
      },
      {
         "arrivaldate": "2034-09-07",
         "hscode": 71080,
         "valueofgoods_omu": 22015.0,
         "volumeteu": 0.0,
         "weightkg": 20540,
         "generated_by": "salmon_wgl",
         "dataset": "MC2",
         "source": "Yu xian  Ltd. Liability Co Freight ",
         "target": "Mar del Este CJSC"
      },
      {
         "arrivaldate": "2034-09-07",
         "hscode": 71080,
         "valueofgoods_omu": 22015.0,
         "volumeteu": 0.0,
         "weightkg": 20540,
         "generated_by": "salmon_wgl",
         "dataset": "MC2",
         "source": "Yu xian  Ltd. Liability Co Freight ",
         "target": "Mar del Este CJSC"
      },
      {
         "arrivaldate": "2034-09-07",
         "hscode": 71080,
         "valueofgoods_omu": 22015.0,
         "volumeteu": 0.0,
         "weightkg": 20540,
         "generated_by": "salmon_wgl",
         "dataset": "MC2",
         "source": "Yu xian  Ltd. Liability Co Freight ",
         "target": "Mar del Este CJSC"
      },
      {
         "arrivaldate": "2034-09-07",
         "hscode": 71080,
         "valueofgoods_omu": 22015.0,
         "volumeteu": 0.0,
         "weightkg": 20540,
         "generated_by": "salmon_wgl",
         "dataset": "MC2",
         "source": "Yu xian  Ltd. Liability Co Freight ",
         "target": "Mar del Este CJSC"
      },
      {
         "arrivaldate": "2034-03-22",
         "hscode": 820559,
         "volumeteu": 0.0,
         "weightkg": 23400,
         "generated_by": "salmon_wgl",
         "dataset": "MC2",
         "source": "Greek Octopus Company Distribution",
         "target": "TunaTreat Company Marine sanctuary"
      },
      {
         "arrivaldate": "2034-03-22",
         "hscode": 820559,
         "volumeteu": 0.0,
         "weightkg": 23400,
         "generated_by": "salmon_wgl",
         "dataset": "MC2",
         "source": "Greek Octopus Company Distribution",
         "target": "TunaTreat Company Marine sanctuary"
      },
      {
         "arrivaldate": "2034-07-21",
         "hscode": 20319,
         "valueofgoods_omu": 60215.0,
         "volumeteu": 0.0,
         "weightkg": 16930,
         "generated_by": "salmon_wgl",
         "dataset": "MC2",
         "source": "Oceanic Oracle GmbH America",
         "target": "h\u01cei d\u01cen Corporation Wharf"
      },
      {
         "arrivaldate": "2034-07-21",
         "hscode": 20319,
         "valueofgoods_omu": 60215.0,
         "volumeteu": 0.0,
         "weightkg": 16930,
         "generated_by": "salmon_wgl",
         "dataset": "MC2",
         "source": "Oceanic Oracle GmbH America",
         "target": "h\u01cei d\u01cen Corporation Wharf"
      },
      {
         "arrivaldate": "2034-04-24",
         "hscode": 410631,
         "volumeteu": 5.0,
         "weightkg": 81225,
         "generated_by": "salmon_wgl",
         "dataset": "MC2",
         "source": "Oceanic Oracle GmbH America",
         "target": "Mandalore S.A. de C.V. Logistics"
      },
      {
         "arrivaldate": "2034-04-24",
         "hscode": 410631,
         "volumeteu": 5.0,
         "weightkg": 81225,
         "generated_by": "salmon_wgl",
         "dataset": "MC2",
         "source": "Oceanic Oracle GmbH America",
         "target": "Mandalore S.A. de C.V. Logistics"
      },
      {
         "arrivaldate": "2034-12-03",
         "hscode": 732690,
         "volumeteu": 0.0,
         "weightkg": 22105,
         "generated_by": "salmon_wgl",
         "dataset": "MC2",
         "source": "Dry Creek Ltd. Corporation",
         "target": "Perla del Mar SRL"
      },
      {
         "arrivaldate": "2034-08-16",
         "hscode": 640291,
         "volumeteu": 0.0,
         "weightkg": 6185,
         "generated_by": "salmon_wgl",
         "dataset": "MC2",
         "source": "Coastal Cruisers Pic Shipping",
         "target": "Caracola del Sol Services"
      },
      {
         "arrivaldate": "2034-12-06",
         "hscode": 940360,
         "volumeteu": 0.0,
         "weightkg": 2845,
         "generated_by": "salmon_wgl",
         "dataset": "MC2",
         "source": "Coastal Cruisers Pic Shipping",
         "target": "Brisa del Mar LC"
      },
      {
         "arrivaldate": "2034-09-08",
         "hscode": 950590,
         "volumeteu": 0.0,
         "weightkg": 4990,
         "generated_by": "salmon_wgl",
         "dataset": "MC2",
         "source": "Coastal Cruisers Pic Shipping",
         "target": "Oc\u00e9ano de Coral Corporation Express"
      },
      {
         "arrivaldate": "2034-06-21",
         "hscode": 940350,
         "volumeteu": 5.0,
         "weightkg": 19365,
         "generated_by": "salmon_wgl",
         "dataset": "MC2",
         "source": "Coastal Cruisers Pic Shipping",
         "target": "h\u01cei d\u01cen Corporation Wharf"
      },
      {
         "arrivaldate": "2034-08-20",
         "hscode": 210690,
         "valueofgoods_omu": 76615.0,
         "volumeteu": 0.0,
         "weightkg": 20990,
         "generated_by": "salmon_wgl",
         "dataset": "MC2",
         "source": "Asiotr Green  SE Marine sanctuary",
         "target": "Coral Cove BV Delivery"
      },
      {
         "arrivaldate": "2034-08-20",
         "hscode": 210690,
         "valueofgoods_omu": 76615.0,
         "volumeteu": 0.0,
         "weightkg": 20990,
         "generated_by": "salmon_wgl",
         "dataset": "MC2",
         "source": "Asiotr Green  SE Marine sanctuary",
         "target": "Coral Cove BV Delivery"
      },
      {
         "arrivaldate": "2034-11-26",
         "hscode": 847340,
         "volumeteu": 0.0,
         "weightkg": 2350,
         "generated_by": "salmon_wgl",
         "dataset": "MC2",
         "source": "Zambezi Valley  Marine biology",
         "target": "Oc\u00e9ano de Coral Corporation Express"
      },
      {
         "arrivaldate": "2034-12-08",
         "hscode": 80830,
         "valueofgoods_omu": 48330.0,
         "volumeteu": 0.0,
         "weightkg": 15615,
         "generated_by": "salmon_wgl",
         "dataset": "MC2",
         "source": "N\u00e1utica del Mar AG",
         "target": "Fisherman's Best Marine conservation"
      },
      {
         "arrivaldate": "2034-03-30",
         "hscode": 440890,
         "volumeteu": 5.0,
         "weightkg": 34910,
         "generated_by": "salmon_wgl",
         "dataset": "MC2",
         "source": "Agua Limited Liability Company Transit",
         "target": "Kong zhong diao yu  Ges.m.b.H."
      },
      {
         "arrivaldate": "2034-03-30",
         "hscode": 440890,
         "volumeteu": 5.0,
         "weightkg": 34910,
         "generated_by": "salmon_wgl",
         "dataset": "MC2",
         "source": "Agua Limited Liability Company Transit",
         "target": "Kong zhong diao yu  Ges.m.b.H."
      },
      {
         "arrivaldate": "2034-03-30",
         "hscode": 440890,
         "volumeteu": 5.0,
         "weightkg": 34910,
         "generated_by": "salmon_wgl",
         "dataset": "MC2",
         "source": "Agua Limited Liability Company Transit",
         "target": "Kong zhong diao yu  Ges.m.b.H."
      },
      {
         "arrivaldate": "2034-10-07",
         "hscode": 852721,
         "volumeteu": 10.0,
         "weightkg": 140950,
         "generated_by": "salmon_wgl",
         "dataset": "MC2",
         "source": "Danish Shrimp Kga Solutions",
         "target": "-48"
      },
      {
         "arrivaldate": "2034-05-01",
         "hscode": 870840,
         "volumeteu": 5.0,
         "weightkg": 48610,
         "generated_by": "salmon_wgl",
         "dataset": "MC2",
         "source": "Danish Shrimp Kga Solutions",
         "target": "Lake Turkana  Charter Boat  NV Marine"
      },
      {
         "arrivaldate": "2034-05-01",
         "hscode": 870840,
         "volumeteu": 5.0,
         "weightkg": 48610,
         "generated_by": "salmon_wgl",
         "dataset": "MC2",
         "source": "Danish Shrimp Kga Solutions",
         "target": "Lake Turkana  Charter Boat  NV Marine"
      },
      {
         "arrivaldate": "2034-06-07",
         "hscode": 20714,
         "valueofgoods_omu": 24110.0,
         "volumeteu": 0.0,
         "weightkg": 21395,
         "generated_by": "salmon_wgl",
         "dataset": "MC2",
         "source": "Diao yu bi sai  Company",
         "target": "h\u01cei d\u01cen Corporation Wharf"
      },
      {
         "arrivaldate": "2034-06-07",
         "hscode": 20714,
         "valueofgoods_omu": 24110.0,
         "volumeteu": 0.0,
         "weightkg": 21395,
         "generated_by": "salmon_wgl",
         "dataset": "MC2",
         "source": "Diao yu bi sai  Company",
         "target": "h\u01cei d\u01cen Corporation Wharf"
      },
      {
         "arrivaldate": "2034-07-02",
         "hscode": 30722,
         "valueofgoods_omu": 107090.0,
         "volumeteu": 0.0,
         "weightkg": 22005,
         "generated_by": "salmon_wgl",
         "dataset": "MC2",
         "source": "Kerala  Market SRL Wave",
         "target": "-2"
      },
      {
         "arrivaldate": "2034-07-01",
         "hscode": 843139,
         "volumeteu": 0.0,
         "weightkg": 8305,
         "generated_by": "salmon_wgl",
         "dataset": "MC2",
         "source": "Ola de la Costa N.V.",
         "target": "Gvardeysk S.A. de C.V."
      },
      {
         "arrivaldate": "2034-11-28",
         "hscode": 848360,
         "volumeteu": 0.0,
         "weightkg": 4405,
         "generated_by": "salmon_wgl",
         "dataset": "MC2",
         "source": "Ola de la Costa N.V.",
         "target": "Serengeti  Inc. Ltd Seabed"
      },
      {
         "arrivaldate": "2034-11-28",
         "hscode": 848360,
         "volumeteu": 0.0,
         "weightkg": 4405,
         "generated_by": "salmon_wgl",
         "dataset": "MC2",
         "source": "Ola de la Costa N.V.",
         "target": "Serengeti  Inc. Ltd Seabed"
      },
      {
         "arrivaldate": "2034-12-01",
         "hscode": 390230,
         "valueofgoods_omu": 32530.0,
         "volumeteu": 0.0,
         "weightkg": 15130,
         "generated_by": "salmon_wgl",
         "dataset": "MC2",
         "source": "Chhattisgarh  A/S & Son's",
         "target": "Sea Breezes GmbH & Co. KG Shark"
      },
      {
         "arrivaldate": "2034-08-10",
         "hscode": 490199,
         "volumeteu": 0.0,
         "weightkg": 1105,
         "generated_by": "salmon_wgl",
         "dataset": "MC2",
         "source": "Estrella de Mar Consultants -",
         "target": "Haryana Sea  Plc Consulting"
      },
      {
         "arrivaldate": "2034-08-25",
         "hscode": 490300,
         "volumeteu": 0.0,
         "weightkg": 1910,
         "generated_by": "salmon_wgl",
         "dataset": "MC2",
         "source": "Estrella de Mar Consultants -",
         "target": "Caracola Azul Ltd. Corporation"
      },
      {
         "arrivaldate": "2034-11-10",
         "hscode": 30616,
         "valueofgoods_omu": 239145.0,
         "volumeteu": 0.0,
         "weightkg": 19075,
         "generated_by": "salmon_wgl",
         "dataset": "MC2",
         "source": "Isla del Tesoro SE Transport",
         "target": "Pao gan SE Seal"
      },
      {
         "arrivaldate": "2034-11-10",
         "hscode": 30616,
         "valueofgoods_omu": 239145.0,
         "volumeteu": 0.0,
         "weightkg": 19075,
         "generated_by": "salmon_wgl",
         "dataset": "MC2",
         "source": "Isla del Tesoro SE Transport",
         "target": "Pao gan SE Seal"
      },
      {
         "arrivaldate": "2034-11-10",
         "hscode": 30616,
         "valueofgoods_omu": 239145.0,
         "volumeteu": 0.0,
         "weightkg": 19075,
         "generated_by": "salmon_wgl",
         "dataset": "MC2",
         "source": "Isla del Tesoro SE Transport",
         "target": "Pao gan SE Seal"
      },
      {
         "arrivaldate": "2034-06-02",
         "hscode": 851220,
         "volumeteu": 0.0,
         "weightkg": 8565,
         "generated_by": "salmon_wgl",
         "dataset": "MC2",
         "source": "Mar del Oeste Transport",
         "target": "Sailors and Surfers Incorporated Enterprises"
      },
      {
         "arrivaldate": "2034-04-14",
         "hscode": 731815,
         "valueofgoods_omu": 22705.0,
         "volumeteu": 0.0,
         "weightkg": 11940,
         "generated_by": "salmon_wgl",
         "dataset": "MC2",
         "source": "Mar del Oeste Transport",
         "target": "Sailors and Surfers Incorporated Enterprises"
      },
      {
         "arrivaldate": "2034-06-20",
         "hscode": 940490,
         "volumeteu": 0.0,
         "weightkg": 1900,
         "generated_by": "salmon_wgl",
         "dataset": "MC2",
         "source": "Mar del Oeste Transport",
         "target": "Saltwater Supreme \u041e\u0410\u041e Forwading"
      },
      {
         "arrivaldate": "2034-06-20",
         "hscode": 940490,
         "volumeteu": 0.0,
         "weightkg": 1900,
         "generated_by": "salmon_wgl",
         "dataset": "MC2",
         "source": "Mar del Oeste Transport",
         "target": "Saltwater Supreme \u041e\u0410\u041e Forwading"
      },
      {
         "arrivaldate": "2034-07-19",
         "hscode": 30475,
         "valueofgoods_omu": 105025.0,
         "volumeteu": 0.0,
         "weightkg": 20390,
         "generated_by": "salmon_wgl",
         "dataset": "MC2",
         "source": "David Limited Liability Company Worldwide",
         "target": "Belgian Cod BV Solutions"
      },
      {
         "arrivaldate": "2034-06-16",
         "hscode": 30475,
         "valueofgoods_omu": 64125.0,
         "volumeteu": 0.0,
         "weightkg": 21630,
         "generated_by": "salmon_wgl",
         "dataset": "MC2",
         "source": "David Limited Liability Company Worldwide",
         "target": "Belgian Cod BV Solutions"
      },
      {
         "arrivaldate": "2034-06-16",
         "hscode": 30475,
         "valueofgoods_omu": 64125.0,
         "volumeteu": 0.0,
         "weightkg": 21630,
         "generated_by": "salmon_wgl",
         "dataset": "MC2",
         "source": "David Limited Liability Company Worldwide",
         "target": "Belgian Cod BV Solutions"
      },
      {
         "arrivaldate": "2034-11-16",
         "hscode": 732599,
         "valueofgoods_omu": 35425.0,
         "volumeteu": 0.0,
         "weightkg": 14360,
         "generated_by": "salmon_wgl",
         "dataset": "MC2",
         "source": "French Crab Pic Marine conservation",
         "target": "Yu gou  Ltd. Corporation"
      },
      {
         "arrivaldate": "2034-09-30",
         "hscode": 30323,
         "valueofgoods_omu": 36125.0,
         "volumeteu": 0.0,
         "weightkg": 26055,
         "generated_by": "salmon_wgl",
         "dataset": "MC2",
         "source": "2 Limited Liability Company",
         "target": "Mar del Este CJSC"
      },
      {
         "arrivaldate": "2034-09-03",
         "hscode": 940360,
         "volumeteu": 5.0,
         "weightkg": 27970,
         "generated_by": "salmon_wgl",
         "dataset": "MC2",
         "source": "b\u00e1i su\u014d w\u011bn l\u00fa AS",
         "target": "h\u01cei d\u01cen Corporation Wharf"
      },
      {
         "arrivaldate": "2034-06-23",
         "hscode": 841821,
         "volumeteu": 10.0,
         "weightkg": 16430,
         "generated_by": "salmon_wgl",
         "dataset": "MC2",
         "source": "Mar de Estrellas N.V.",
         "target": "Ancla Azul Transportation Seafaring"
      },
      {
         "arrivaldate": "2034-07-18",
         "hscode": 950300,
         "volumeteu": 0.0,
         "weightkg": 6960,
         "generated_by": "salmon_wgl",
         "dataset": "MC2",
         "source": "Uttar Pradesh s CJSC",
         "target": "Oc\u00e9ano de Coral Corporation Express"
      },
      {
         "arrivaldate": "2034-07-11",
         "hscode": 392690,
         "volumeteu": 0.0,
         "weightkg": 8070,
         "generated_by": "salmon_wgl",
         "dataset": "MC2",
         "source": "Uttar Pradesh s CJSC",
         "target": "Oc\u00e9ano de Coral Corporation Express"
      },
      {
         "arrivaldate": "2034-10-13",
         "hscode": 950510,
         "volumeteu": 10.0,
         "weightkg": 40640,
         "generated_by": "salmon_wgl",
         "dataset": "MC2",
         "source": "Uttar Pradesh s CJSC",
         "target": "Oc\u00e9ano de Coral Corporation Express"
      },
      {
         "arrivaldate": "2034-11-17",
         "hscode": 940360,
         "volumeteu": 5.0,
         "weightkg": 23220,
         "generated_by": "salmon_wgl",
         "dataset": "MC2",
         "source": "Uttar Pradesh s CJSC",
         "target": "Oc\u00e9ano de Coral Corporation Express"
      },
      {
         "arrivaldate": "2034-09-20",
         "hscode": 950510,
         "volumeteu": 5.0,
         "weightkg": 12145,
         "generated_by": "salmon_wgl",
         "dataset": "MC2",
         "source": "Uttar Pradesh s CJSC",
         "target": "Oc\u00e9ano de Coral Corporation Express"
      },
      {
         "arrivaldate": "2034-07-11",
         "hscode": 392690,
         "volumeteu": 0.0,
         "weightkg": 8070,
         "generated_by": "salmon_wgl",
         "dataset": "MC2",
         "source": "Uttar Pradesh s CJSC",
         "target": "Oc\u00e9ano de Coral Corporation Express"
      },
      {
         "arrivaldate": "2034-10-13",
         "hscode": 950510,
         "volumeteu": 10.0,
         "weightkg": 40640,
         "generated_by": "salmon_wgl",
         "dataset": "MC2",
         "source": "Uttar Pradesh s CJSC",
         "target": "Oc\u00e9ano de Coral Corporation Express"
      },
      {
         "arrivaldate": "2034-12-28",
         "hscode": 940179,
         "volumeteu": 0.0,
         "weightkg": 8995,
         "generated_by": "salmon_wgl",
         "dataset": "MC2",
         "source": "Uttar Pradesh s CJSC",
         "target": "Coral Cove Corporation Delivery"
      },
      {
         "arrivaldate": "2034-11-16",
         "hscode": 611120,
         "volumeteu": 0.0,
         "weightkg": 4765,
         "generated_by": "salmon_wgl",
         "dataset": "MC2",
         "source": "Victoria Falls   Pier Corp Solutions",
         "target": "Arunachal Pradesh s Brine"
      },
      {
         "arrivaldate": "2034-11-19",
         "hscode": 640399,
         "volumeteu": 0.0,
         "weightkg": 6710,
         "generated_by": "salmon_wgl",
         "dataset": "MC2",
         "source": "Mar de Cristalino Yacht",
         "target": "ReefRider Foods Ltd. Corporation Family"
      },
      {
         "arrivaldate": "2034-04-25",
         "hscode": 491000,
         "valueofgoods_omu": 57410.0,
         "volumeteu": 0.0,
         "weightkg": 14205,
         "generated_by": "salmon_wgl",
         "dataset": "MC2",
         "source": "Mar de Cielo S.A. de C.V. Manatee",
         "target": "h\u01cei d\u01cen Corporation Wharf"
      },
      {
         "arrivaldate": "2034-12-03",
         "hscode": 760612,
         "valueofgoods_omu": 526060.0,
         "volumeteu": 20.0,
         "weightkg": 182020,
         "generated_by": "salmon_wgl",
         "dataset": "MC2",
         "source": "Faroe Islands Shrimp Corporation",
         "target": "SeaTree Ltd. Liability Co Holdings"
      },
      {
         "arrivaldate": "2034-11-18",
         "hscode": 610831,
         "valueofgoods_omu": 416005.0,
         "volumeteu": 0.0,
         "weightkg": 24200,
         "generated_by": "salmon_wgl",
         "dataset": "MC2",
         "source": "Coral del Cielo A/S",
         "target": "Kong zhong diao yu  Ges.m.b.H."
      },
      {
         "arrivaldate": "2034-12-05",
         "hscode": 870899,
         "volumeteu": 0.0,
         "weightkg": 1565,
         "generated_by": "salmon_wgl",
         "dataset": "MC2",
         "source": "Costa del Mar BV Consulting",
         "target": "SaltwaterSatisfactions Incorporated Marine ecology"
      },
      {
         "arrivaldate": "2034-11-11",
         "hscode": 611030,
         "valueofgoods_omu": 127125.0,
         "volumeteu": 0.0,
         "weightkg": 1935,
         "generated_by": "salmon_wgl",
         "dataset": "MC2",
         "source": "Mar de la Felicidad NV Investment",
         "target": "Caracola de Coral Oyj"
      },
      {
         "arrivaldate": "2034-10-01",
         "hscode": 110100,
         "valueofgoods_omu": 12200.0,
         "volumeteu": 0.0,
         "weightkg": 15865,
         "generated_by": "salmon_wgl",
         "dataset": "MC2",
         "source": "Mar de la Luna Ltd. Corporation",
         "target": "Sailors and Surfers Incorporated Enterprises"
      },
      {
         "arrivaldate": "2034-11-22",
         "hscode": 392410,
         "volumeteu": 0.0,
         "weightkg": 10535,
         "generated_by": "salmon_wgl",
         "dataset": "MC2",
         "source": "Maharashtra   Limited Liability Company",
         "target": "N\u00e1utica del Sol Corporation"
      },
      {
         "arrivaldate": "2034-06-06",
         "hscode": 271113,
         "volumeteu": 0.0,
         "weightkg": 19390,
         "generated_by": "salmon_wgl",
         "dataset": "MC2",
         "source": "Oceanic Explorers Sagl Chart",
         "target": "h\u01cei d\u01cen Corporation Wharf"
      },
      {
         "arrivaldate": "2034-02-27",
         "hscode": 841810,
         "volumeteu": 0.0,
         "weightkg": 8395,
         "generated_by": "salmon_wgl",
         "dataset": "MC2",
         "source": "French Crab S.p.A. Worldwide",
         "target": "h\u01cei d\u01cen Corporation Wharf"
      },
      {
         "arrivaldate": "2034-11-28",
         "hscode": 841810,
         "volumeteu": 0.0,
         "weightkg": 4015,
         "generated_by": "salmon_wgl",
         "dataset": "MC2",
         "source": "French Crab S.p.A. Worldwide",
         "target": "Saltwater Supreme \u041e\u0410\u041e Forwading"
      },
      {
         "arrivaldate": "2034-07-09",
         "hscode": 841810,
         "volumeteu": 0.0,
         "weightkg": 4150,
         "generated_by": "salmon_wgl",
         "dataset": "MC2",
         "source": "French Crab S.p.A. Worldwide",
         "target": "Saltwater Supreme \u041e\u0410\u041e Forwading"
      },
      {
         "arrivaldate": "2034-08-23",
         "hscode": 841810,
         "volumeteu": 0.0,
         "weightkg": 5180,
         "generated_by": "salmon_wgl",
         "dataset": "MC2",
         "source": "French Crab S.p.A. Worldwide",
         "target": "Saltwater Supreme \u041e\u0410\u041e Forwading"
      },
      {
         "arrivaldate": "2034-11-28",
         "hscode": 841810,
         "volumeteu": 0.0,
         "weightkg": 4015,
         "generated_by": "salmon_wgl",
         "dataset": "MC2",
         "source": "French Crab S.p.A. Worldwide",
         "target": "Saltwater Supreme \u041e\u0410\u041e Forwading"
      },
      {
         "arrivaldate": "2034-10-27",
         "hscode": 842211,
         "volumeteu": 0.0,
         "weightkg": 11610,
         "generated_by": "salmon_wgl",
         "dataset": "MC2",
         "source": "French Crab S.p.A. Worldwide",
         "target": "Saltwater Supreme \u041e\u0410\u041e Forwading"
      },
      {
         "arrivaldate": "2034-07-18",
         "hscode": 841810,
         "volumeteu": 0.0,
         "weightkg": 4500,
         "generated_by": "salmon_wgl",
         "dataset": "MC2",
         "source": "French Crab S.p.A. Worldwide",
         "target": "Saltwater Supreme \u041e\u0410\u041e Forwading"
      },
      {
         "arrivaldate": "2034-11-25",
         "hscode": 640399,
         "volumeteu": 0.0,
         "weightkg": 7855,
         "generated_by": "salmon_wgl",
         "dataset": "MC2",
         "source": "Bujagali Falls  Oyj Marine",
         "target": "Sailors and Surfers Incorporated Enterprises"
      },
      {
         "arrivaldate": "2034-09-30",
         "hscode": 700711,
         "volumeteu": 0.0,
         "weightkg": 21030,
         "generated_by": "salmon_wgl",
         "dataset": "MC2",
         "source": "Nile   S.A. de C.V.",
         "target": "Caracola del Sol Services"
      },
      {
         "arrivaldate": "2034-12-03",
         "hscode": 870899,
         "volumeteu": 0.0,
         "weightkg": 18190,
         "generated_by": "salmon_wgl",
         "dataset": "MC2",
         "source": "Nile   S.A. de C.V.",
         "target": "Uttarakhand  Market Limited Liability Company Nautical"
      },
      {
         "arrivaldate": "2034-06-08",
         "hscode": 852852,
         "volumeteu": 0.0,
         "weightkg": 4540,
         "generated_by": "salmon_wgl",
         "dataset": "MC2",
         "source": "Mar de la Aventura & Incorporated Shipping",
         "target": "Dutch  Ltd. Liability Co Consultants"
      },
      {
         "arrivaldate": "2034-03-29",
         "hscode": 120190,
         "volumeteu": 0.0,
         "weightkg": 40445,
         "generated_by": "salmon_wgl",
         "dataset": "MC2",
         "source": "bi\u0101n y\u00fa AG Forwading",
         "target": "Costa del Sol A/S"
      },
      {
         "arrivaldate": "2034-05-15",
         "hscode": 71333,
         "valueofgoods_omu": 19115.0,
         "volumeteu": 0.0,
         "weightkg": 21005,
         "generated_by": "salmon_wgl",
         "dataset": "MC2",
         "source": "bi\u0101n y\u00fa AG Forwading",
         "target": "Coastal Currents Ltd. Liability Co Delivery"
      },
      {
         "arrivaldate": "2034-04-03",
         "hscode": 640411,
         "volumeteu": 0.0,
         "weightkg": 295,
         "generated_by": "salmon_wgl",
         "dataset": "MC2",
         "source": "Nautical Navigators Limited Liability Company Holdings",
         "target": "CoralCove GmbH & Co. KG"
      },
      {
         "arrivaldate": "2034-09-11",
         "hscode": 848071,
         "volumeteu": 0.0,
         "weightkg": 18700,
         "generated_by": "salmon_wgl",
         "dataset": "MC2",
         "source": "Estrella del Mar Logistics Charter Boat ",
         "target": "Ancla Azul Transportation Seafaring"
      },
      {
         "arrivaldate": "2034-07-28",
         "hscode": 842220,
         "volumeteu": 0.0,
         "weightkg": 8265,
         "generated_by": "salmon_wgl",
         "dataset": "MC2",
         "source": "xi\u01ceo l\u00f3ng xi\u0101 LC",
         "target": "-49"
      },
      {
         "arrivaldate": "2034-12-10",
         "hscode": 848180,
         "volumeteu": 0.0,
         "weightkg": 18535,
         "generated_by": "salmon_wgl",
         "dataset": "MC2",
         "source": "xi\u01ceo l\u00f3ng xi\u0101 LC",
         "target": "Norwegian King Crab S.A. de C.V."
      },
      {
         "arrivaldate": "2034-05-10",
         "hscode": 630690,
         "valueofgoods_omu": 48410.0,
         "volumeteu": 0.0,
         "weightkg": 8805,
         "generated_by": "salmon_wgl",
         "dataset": "MC2",
         "source": "xi\u01ceo l\u00f3ng xi\u0101 LC",
         "target": "Gujarat  S.A. de C.V."
      },
      {
         "arrivaldate": "2034-06-24",
         "hscode": 20714,
         "valueofgoods_omu": 9500.0,
         "volumeteu": 0.0,
         "weightkg": 8380,
         "generated_by": "salmon_wgl",
         "dataset": "MC2",
         "source": "Kallianassa Fish  AG Solutions",
         "target": "Mar del Este CJSC"
      },
      {
         "arrivaldate": "2034-07-29",
         "hscode": 851010,
         "volumeteu": 0.0,
         "weightkg": 6090,
         "generated_by": "salmon_wgl",
         "dataset": "MC2",
         "source": "Cymopoleia & Son's Estuary",
         "target": "Saltwater Supreme \u041e\u0410\u041e Forwading"
      },
      {
         "arrivaldate": "2034-07-29",
         "hscode": 851010,
         "volumeteu": 0.0,
         "weightkg": 6090,
         "generated_by": "salmon_wgl",
         "dataset": "MC2",
         "source": "Cymopoleia & Son's Estuary",
         "target": "Saltwater Supreme \u041e\u0410\u041e Forwading"
      },
      {
         "arrivaldate": "2034-12-28",
         "hscode": 160414,
         "valueofgoods_omu": 50520.0,
         "volumeteu": 0.0,
         "weightkg": 6715,
         "generated_by": "salmon_wgl",
         "dataset": "MC2",
         "source": "Costa del Mar NV",
         "target": "Selous Game Reserve  Kga"
      },
      {
         "arrivaldate": "2034-05-10",
         "hscode": 220421,
         "volumeteu": 0.0,
         "weightkg": 17055,
         "generated_by": "salmon_wgl",
         "dataset": "MC2",
         "source": "Mar y Luna Co",
         "target": "h\u01cei d\u01cen Corporation Wharf"
      },
      {
         "arrivaldate": "2034-02-14",
         "hscode": 760612,
         "valueofgoods_omu": 143025.0,
         "volumeteu": 5.0,
         "weightkg": 43105,
         "generated_by": "salmon_wgl",
         "dataset": "MC2",
         "source": "Chuan gou  Ltd Marine ecology",
         "target": "Mar del Este CJSC"
      },
      {
         "arrivaldate": "2034-11-16",
         "hscode": 190230,
         "valueofgoods_omu": 79440.0,
         "volumeteu": 0.0,
         "weightkg": 24765,
         "generated_by": "salmon_wgl",
         "dataset": "MC2",
         "source": "Wave Watchers SE Express",
         "target": "h\u01cei d\u01cen Corporation Wharf"
      },
      {
         "arrivaldate": "2034-06-02",
         "hscode": 30616,
         "valueofgoods_omu": 5649615.0,
         "volumeteu": 5.0,
         "weightkg": 198505,
         "generated_by": "salmon_wgl",
         "dataset": "MC2",
         "source": "Saltwater Sisters Ltd. Corporation Shipping",
         "target": "Mar del Este CJSC"
      },
      {
         "arrivaldate": "2034-07-12",
         "hscode": 30462,
         "valueofgoods_omu": 79905.0,
         "volumeteu": 0.0,
         "weightkg": 20970,
         "generated_by": "salmon_wgl",
         "dataset": "MC2",
         "source": "Paradera S.A. de C.V.",
         "target": "Caracola Azul Oyj &"
      },
      {
         "arrivaldate": "2034-03-29",
         "hscode": 640520,
         "volumeteu": 5.0,
         "weightkg": 6560,
         "generated_by": "salmon_wgl",
         "dataset": "MC2",
         "source": "Saltwater Solutions AB Marine conservation",
         "target": "Dry Creek Incorporated Laksa"
      },
      {
         "arrivaldate": "2034-11-17",
         "hscode": 853620,
         "volumeteu": 0.0,
         "weightkg": 15200,
         "generated_by": "salmon_wgl",
         "dataset": "MC2",
         "source": "Oceanic Oracle GmbH & Co. KG",
         "target": "Ancla Azul Transportation Seafaring"
      },
      {
         "arrivaldate": "2034-11-11",
         "hscode": 392410,
         "volumeteu": 0.0,
         "weightkg": 12705,
         "generated_by": "salmon_wgl",
         "dataset": "MC2",
         "source": "Caspian Sea   Company Seafarer",
         "target": "Kilimajaro Slopes   Oceanfront AB Overseas"
      },
      {
         "arrivaldate": "2034-08-20",
         "hscode": 870899,
         "volumeteu": 0.0,
         "weightkg": 9980,
         "generated_by": "salmon_wgl",
         "dataset": "MC2",
         "source": "The Salted Pearl AG Marine conservation",
         "target": "Turkish Salmon A/S Marine"
      },
      {
         "arrivaldate": "2034-09-23",
         "hscode": 30475,
         "valueofgoods_omu": 72870.0,
         "volumeteu": 0.0,
         "weightkg": 24215,
         "generated_by": "salmon_wgl",
         "dataset": "MC2",
         "source": "Wave Watchers Underwater Ltd. Corporation Solutions",
         "target": "Yu xian  SRL Industrial"
      },
      {
         "arrivaldate": "2034-10-10",
         "hscode": 200989,
         "volumeteu": 5.0,
         "weightkg": 77395,
         "generated_by": "salmon_wgl",
         "dataset": "MC2",
         "source": "Kong zhong diao yu  Ltd",
         "target": "Mar del Este CJSC"
      },
      {
         "arrivaldate": "2034-10-10",
         "hscode": 200989,
         "volumeteu": 5.0,
         "weightkg": 77395,
         "generated_by": "salmon_wgl",
         "dataset": "MC2",
         "source": "Kong zhong diao yu  Ltd",
         "target": "Mar del Este CJSC"
      },
      {
         "arrivaldate": "2034-09-14",
         "hscode": 732690,
         "volumeteu": 0.0,
         "weightkg": 10660,
         "generated_by": "salmon_wgl",
         "dataset": "MC2",
         "source": "Ianira Starfish Sagl Import",
         "target": "xi\u01ceo xi\u0101 Cargo  Corp Carriers"
      },
      {
         "arrivaldate": "2034-11-25",
         "hscode": 20422,
         "valueofgoods_omu": 327070.0,
         "volumeteu": 0.0,
         "weightkg": 22650,
         "generated_by": "salmon_wgl",
         "dataset": "MC2",
         "source": "Haryana Sea  Mussel Inc Export",
         "target": "Uttar Pradesh s Barracuda"
      },
      {
         "arrivaldate": "2034-10-05",
         "hscode": 160529,
         "valueofgoods_omu": 87670.0,
         "volumeteu": 0.0,
         "weightkg": 18000,
         "generated_by": "salmon_wgl",
         "dataset": "MC2",
         "source": "Ancla del Mar Marine ecology",
         "target": "Coastal Castaway Coast Corporation Worldwide"
      },
      {
         "arrivaldate": "2034-12-09",
         "hscode": 30461,
         "valueofgoods_omu": 50105.0,
         "volumeteu": 0.0,
         "weightkg": 23315,
         "generated_by": "salmon_wgl",
         "dataset": "MC2",
         "source": "Manipur  Market Ltd. Liability Co",
         "target": "Olas del Sur Ltd"
      },
      {
         "arrivaldate": "2034-12-03",
         "hscode": 940161,
         "volumeteu": 0.0,
         "weightkg": 5185,
         "generated_by": "salmon_wgl",
         "dataset": "MC2",
         "source": "Jammu Ltd. Liability Co",
         "target": "Costa de la Felicidad Shipping"
      },
      {
         "arrivaldate": "2034-09-25",
         "hscode": 80119,
         "valueofgoods_omu": 19505.0,
         "volumeteu": 0.0,
         "weightkg": 19145,
         "generated_by": "salmon_wgl",
         "dataset": "MC2",
         "source": "Irish Trout Inc Solutions",
         "target": "h\u01cei d\u01cen Corporation Wharf"
      },
      {
         "arrivaldate": "2034-12-06",
         "hscode": 846591,
         "volumeteu": 5.0,
         "weightkg": 24600,
         "generated_by": "salmon_wgl",
         "dataset": "MC2",
         "source": "Selous Game Reserve  Sp Distribution",
         "target": "Costa de la Felicidad Shipping"
      },
      {
         "arrivaldate": "2034-07-24",
         "hscode": 845229,
         "volumeteu": 0.0,
         "weightkg": 6600,
         "generated_by": "salmon_wgl",
         "dataset": "MC2",
         "source": "SRL Ltd. Liability Co",
         "target": "Panope Limited Liability Company"
      }
   ]
}