{
   "directed": true,
   "multigraph": true,
   "graph": {},
   "nodes": [
      {
         "shpcountry": "Utoporiana",
         "dataset": "MC2",
         "id": "Andhra Pradesh  Sp Worldwide"
      },
      {
         "rcvcountry": "-27",
         "dataset": "MC2",
         "id": "Jharkhand Sea  S.p.A. United"
      },
      {
         "shpcountry": "Rio Isla",
         "rcvcountry": "-27",
         "dataset": "MC2",
         "id": "Dutch Mussels Pic Marine biology"
      },
      {
         "rcvcountry": "Azurionix",
         "dataset": "MC2",
         "id": "Congo Rapids   Ltd. Corporation"
      },
      {
         "shpcountry": "-27",
         "dataset": "MC2",
         "id": "Brisa Marina Surfboard AB Marine conservation"
      },
      {
         "rcvcountry": "-27",
         "dataset": "MC2",
         "id": "Mar de la Felicidad Inc Motorboat"
      },
      {
         "shpcountry": "-27",
         "dataset": "MC2",
         "id": "xi\u01ceo xi\u0101 S.p.A. Deep-sea"
      },
      {
         "rcvcountry": "Oceanus",
         "dataset": "MC2",
         "id": "Caracola Azul Oyj &"
      },
      {
         "rcvcountry": "Oceanus",
         "dataset": "MC2",
         "id": "Faroe Islands Halibut Sea S.p.A. Distribution"
      },
      {
         "shpcountry": "-27",
         "rcvcountry": "Oceanus",
         "dataset": "MC2",
         "id": "Senegal Coast  A/S Delivery"
      },
      {
         "rcvcountry": "-27",
         "dataset": "MC2",
         "id": "Coastal Castaway GmbH & Co. KG"
      },
      {
         "shpcountry": "-27",
         "dataset": "MC2",
         "id": "Sea Breeze Marine biology"
      },
      {
         "rcvcountry": "-27",
         "dataset": "MC2",
         "id": "ReefRider Foods Ltd. Corporation Family"
      },
      {
         "rcvcountry": "-27",
         "dataset": "MC2",
         "id": "Angrapa Ltd. Liability Co Export"
      },
      {
         "rcvcountry": "-27",
         "dataset": "MC2",
         "id": "Irish Sea  Salt spray"
      },
      {
         "rcvcountry": "Azurionix",
         "dataset": "MC2",
         "id": "Coral Cove BV Delivery"
      },
      {
         "shpcountry": "-27",
         "dataset": "MC2",
         "id": "Arunachal Pradesh s AS Abalone"
      },
      {
         "rcvcountry": "-27",
         "dataset": "MC2",
         "id": "Caracola del Sol Services"
      },
      {
         "rcvcountry": "Oceanus",
         "dataset": "MC2",
         "id": "Icelandic Cod OJSC Services"
      },
      {
         "rcvcountry": "Azurionix",
         "dataset": "MC2",
         "id": "Greek Sea Bass LLC"
      },
      {
         "rcvcountry": "-27",
         "dataset": "MC2",
         "id": "h\u01cei d\u01cen Corporation Wharf"
      },
      {
         "rcvcountry": "Oceanus",
         "dataset": "MC2",
         "id": "Orange River   Eel Company Shipping"
      },
      {
         "shpcountry": "-27",
         "dataset": "MC2",
         "id": "Tsha wamba S.A. de C.V."
      },
      {
         "rcvcountry": "-27",
         "dataset": "MC2",
         "id": "Saltwater Solitude N.V. International"
      },
      {
         "shpcountry": "-27",
         "dataset": "MC2",
         "id": "Joseph Limited Liability Company"
      },
      {
         "rcvcountry": "Azurionix",
         "dataset": "MC2",
         "id": "Mar del Para\u00edso Corporation Logistics"
      },
      {
         "rcvcountry": "Azurionix",
         "dataset": "MC2",
         "id": "Kilwa Coast  Coast NV Delivery"
      },
      {
         "rcvcountry": "-27",
         "dataset": "MC2",
         "id": "Yu xian  SRL Industrial"
      },
      {
         "rcvcountry": "-27",
         "dataset": "MC2",
         "id": "Kong zhong diao yu  Express Charter Boat "
      }
   ],
   "links": [
      {
         "arrivaldate": "2034-09-21",
         "hscode": 840999,
         "generated_by": "tuna",
         "dataset": "MC2",
         "source": "Andhra Pradesh  Sp Worldwide",
         "target": "Jharkhand Sea  S.p.A. United"
      },
      {
         "arrivaldate": "2034-08-30",
         "hscode": 846820,
         "generated_by": "tuna",
         "dataset": "MC2",
         "source": "Andhra Pradesh  Sp Worldwide",
         "target": "Jharkhand Sea  S.p.A. United"
      },
      {
         "arrivaldate": "2034-08-19",
         "hscode": 220300,
         "generated_by": "tuna",
         "dataset": "MC2",
         "source": "Andhra Pradesh  Sp Worldwide",
         "target": "Jharkhand Sea  S.p.A. United"
      },
      {
         "arrivaldate": "2034-09-21",
         "hscode": 220300,
         "generated_by": "tuna",
         "dataset": "MC2",
         "source": "Andhra Pradesh  Sp Worldwide",
         "target": "Jharkhand Sea  S.p.A. United"
      },
      {
         "arrivaldate": "2034-08-19",
         "hscode": 847989,
         "generated_by": "tuna",
         "dataset": "MC2",
         "source": "Andhra Pradesh  Sp Worldwide",
         "target": "Jharkhand Sea  S.p.A. United"
      },
      {
         "arrivaldate": "2034-08-05",
         "hscode": 441600,
         "generated_by": "tuna",
         "dataset": "MC2",
         "source": "Andhra Pradesh  Sp Worldwide",
         "target": "Jharkhand Sea  S.p.A. United"
      },
      {
         "arrivaldate": "2034-08-30",
         "hscode": 850440,
         "generated_by": "tuna",
         "dataset": "MC2",
         "source": "Andhra Pradesh  Sp Worldwide",
         "target": "Jharkhand Sea  S.p.A. United"
      },
      {
         "arrivaldate": "2034-08-05",
         "hscode": 441600,
         "generated_by": "tuna",
         "dataset": "MC2",
         "source": "Andhra Pradesh  Sp Worldwide",
         "target": "Jharkhand Sea  S.p.A. United"
      },
      {
         "arrivaldate": "2034-09-21",
         "hscode": 840999,
         "generated_by": "tuna",
         "dataset": "MC2",
         "source": "Andhra Pradesh  Sp Worldwide",
         "target": "Jharkhand Sea  S.p.A. United"
      },
      {
         "arrivaldate": "2034-08-30",
         "hscode": 853990,
         "generated_by": "tuna",
         "dataset": "MC2",
         "source": "Andhra Pradesh  Sp Worldwide",
         "target": "Jharkhand Sea  S.p.A. United"
      },
      {
         "arrivaldate": "2034-09-21",
         "hscode": 220300,
         "generated_by": "tuna",
         "dataset": "MC2",
         "source": "Andhra Pradesh  Sp Worldwide",
         "target": "Jharkhand Sea  S.p.A. United"
      },
      {
         "arrivaldate": "2034-08-19",
         "hscode": 847989,
         "generated_by": "tuna",
         "dataset": "MC2",
         "source": "Andhra Pradesh  Sp Worldwide",
         "target": "Jharkhand Sea  S.p.A. United"
      },
      {
         "arrivaldate": "2034-08-05",
         "hscode": 441600,
         "generated_by": "tuna",
         "dataset": "MC2",
         "source": "Andhra Pradesh  Sp Worldwide",
         "target": "Jharkhand Sea  S.p.A. United"
      },
      {
         "arrivaldate": "2034-08-05",
         "hscode": 441600,
         "generated_by": "tuna",
         "dataset": "MC2",
         "source": "Andhra Pradesh  Sp Worldwide",
         "target": "Jharkhand Sea  S.p.A. United"
      },
      {
         "arrivaldate": "2034-10-27",
         "hscode": 890710,
         "generated_by": "tuna",
         "dataset": "MC2",
         "source": "Andhra Pradesh  Sp Worldwide",
         "target": "Jharkhand Sea  S.p.A. United"
      },
      {
         "arrivaldate": "2034-08-05",
         "hscode": 441600,
         "generated_by": "tuna",
         "dataset": "MC2",
         "source": "Andhra Pradesh  Sp Worldwide",
         "target": "Jharkhand Sea  S.p.A. United"
      },
      {
         "arrivaldate": "2034-08-30",
         "hscode": 220300,
         "generated_by": "tuna",
         "dataset": "MC2",
         "source": "Andhra Pradesh  Sp Worldwide",
         "target": "Jharkhand Sea  S.p.A. United"
      },
      {
         "arrivaldate": "2034-09-10",
         "hscode": 220300,
         "generated_by": "tuna",
         "dataset": "MC2",
         "source": "Andhra Pradesh  Sp Worldwide",
         "target": "Jharkhand Sea  S.p.A. United"
      },
      {
         "arrivaldate": "2034-08-19",
         "hscode": 847989,
         "generated_by": "tuna",
         "dataset": "MC2",
         "source": "Andhra Pradesh  Sp Worldwide",
         "target": "Jharkhand Sea  S.p.A. United"
      },
      {
         "arrivaldate": "2034-08-05",
         "hscode": 441600,
         "generated_by": "tuna",
         "dataset": "MC2",
         "source": "Andhra Pradesh  Sp Worldwide",
         "target": "Jharkhand Sea  S.p.A. United"
      },
      {
         "arrivaldate": "2034-08-05",
         "hscode": 441600,
         "generated_by": "tuna",
         "dataset": "MC2",
         "source": "Andhra Pradesh  Sp Worldwide",
         "target": "Jharkhand Sea  S.p.A. United"
      },
      {
         "arrivaldate": "2034-08-19",
         "hscode": 440791,
         "generated_by": "tuna",
         "dataset": "MC2",
         "source": "Andhra Pradesh  Sp Worldwide",
         "target": "Jharkhand Sea  S.p.A. United"
      },
      {
         "arrivaldate": "2034-09-21",
         "hscode": 220300,
         "generated_by": "tuna",
         "dataset": "MC2",
         "source": "Andhra Pradesh  Sp Worldwide",
         "target": "Jharkhand Sea  S.p.A. United"
      },
      {
         "arrivaldate": "2034-09-10",
         "hscode": 220300,
         "generated_by": "tuna",
         "dataset": "MC2",
         "source": "Andhra Pradesh  Sp Worldwide",
         "target": "Jharkhand Sea  S.p.A. United"
      },
      {
         "arrivaldate": "2034-09-21",
         "hscode": 220300,
         "generated_by": "tuna",
         "dataset": "MC2",
         "source": "Andhra Pradesh  Sp Worldwide",
         "target": "Jharkhand Sea  S.p.A. United"
      },
      {
         "arrivaldate": "2034-10-27",
         "hscode": 890710,
         "generated_by": "tuna",
         "dataset": "MC2",
         "source": "Andhra Pradesh  Sp Worldwide",
         "target": "Jharkhand Sea  S.p.A. United"
      },
      {
         "arrivaldate": "2034-09-21",
         "hscode": 840999,
         "generated_by": "tuna",
         "dataset": "MC2",
         "source": "Andhra Pradesh  Sp Worldwide",
         "target": "Jharkhand Sea  S.p.A. United"
      },
      {
         "arrivaldate": "2034-10-27",
         "hscode": 890710,
         "generated_by": "tuna",
         "dataset": "MC2",
         "source": "Andhra Pradesh  Sp Worldwide",
         "target": "Jharkhand Sea  S.p.A. United"
      },
      {
         "arrivaldate": "2034-08-05",
         "hscode": 441600,
         "generated_by": "tuna",
         "dataset": "MC2",
         "source": "Andhra Pradesh  Sp Worldwide",
         "target": "Jharkhand Sea  S.p.A. United"
      },
      {
         "arrivaldate": "2034-09-10",
         "hscode": 220300,
         "generated_by": "tuna",
         "dataset": "MC2",
         "source": "Andhra Pradesh  Sp Worldwide",
         "target": "Jharkhand Sea  S.p.A. United"
      },
      {
         "arrivaldate": "2034-09-21",
         "hscode": 220300,
         "generated_by": "tuna",
         "dataset": "MC2",
         "source": "Andhra Pradesh  Sp Worldwide",
         "target": "Jharkhand Sea  S.p.A. United"
      },
      {
         "arrivaldate": "2034-09-21",
         "hscode": 840999,
         "generated_by": "tuna",
         "dataset": "MC2",
         "source": "Andhra Pradesh  Sp Worldwide",
         "target": "Jharkhand Sea  S.p.A. United"
      },
      {
         "arrivaldate": "2034-08-19",
         "hscode": 847989,
         "generated_by": "tuna",
         "dataset": "MC2",
         "source": "Andhra Pradesh  Sp Worldwide",
         "target": "Jharkhand Sea  S.p.A. United"
      },
      {
         "arrivaldate": "2034-09-21",
         "hscode": 220300,
         "generated_by": "tuna",
         "dataset": "MC2",
         "source": "Andhra Pradesh  Sp Worldwide",
         "target": "Jharkhand Sea  S.p.A. United"
      },
      {
         "arrivaldate": "2034-09-21",
         "hscode": 220300,
         "generated_by": "tuna",
         "dataset": "MC2",
         "source": "Andhra Pradesh  Sp Worldwide",
         "target": "Jharkhand Sea  S.p.A. United"
      },
      {
         "arrivaldate": "2034-08-19",
         "hscode": 440791,
         "generated_by": "tuna",
         "dataset": "MC2",
         "source": "Andhra Pradesh  Sp Worldwide",
         "target": "Jharkhand Sea  S.p.A. United"
      },
      {
         "arrivaldate": "2034-08-19",
         "hscode": 440791,
         "generated_by": "tuna",
         "dataset": "MC2",
         "source": "Andhra Pradesh  Sp Worldwide",
         "target": "Jharkhand Sea  S.p.A. United"
      },
      {
         "arrivaldate": "2034-08-30",
         "hscode": 220300,
         "generated_by": "tuna",
         "dataset": "MC2",
         "source": "Andhra Pradesh  Sp Worldwide",
         "target": "Jharkhand Sea  S.p.A. United"
      },
      {
         "arrivaldate": "2034-08-19",
         "hscode": 200911,
         "generated_by": "tuna",
         "dataset": "MC2",
         "source": "Andhra Pradesh  Sp Worldwide",
         "target": "Jharkhand Sea  S.p.A. United"
      },
      {
         "arrivaldate": "2034-09-21",
         "hscode": 220300,
         "generated_by": "tuna",
         "dataset": "MC2",
         "source": "Andhra Pradesh  Sp Worldwide",
         "target": "Jharkhand Sea  S.p.A. United"
      },
      {
         "arrivaldate": "2034-10-27",
         "hscode": 890710,
         "generated_by": "tuna",
         "dataset": "MC2",
         "source": "Andhra Pradesh  Sp Worldwide",
         "target": "Jharkhand Sea  S.p.A. United"
      },
      {
         "arrivaldate": "2034-08-19",
         "hscode": 220300,
         "generated_by": "tuna",
         "dataset": "MC2",
         "source": "Andhra Pradesh  Sp Worldwide",
         "target": "Jharkhand Sea  S.p.A. United"
      },
      {
         "arrivaldate": "2034-08-30",
         "hscode": 853990,
         "generated_by": "tuna",
         "dataset": "MC2",
         "source": "Andhra Pradesh  Sp Worldwide",
         "target": "Jharkhand Sea  S.p.A. United"
      },
      {
         "arrivaldate": "2034-08-19",
         "hscode": 440791,
         "generated_by": "tuna",
         "dataset": "MC2",
         "source": "Andhra Pradesh  Sp Worldwide",
         "target": "Jharkhand Sea  S.p.A. United"
      },
      {
         "arrivaldate": "2034-08-19",
         "hscode": 847989,
         "generated_by": "tuna",
         "dataset": "MC2",
         "source": "Andhra Pradesh  Sp Worldwide",
         "target": "Jharkhand Sea  S.p.A. United"
      },
      {
         "arrivaldate": "2034-08-05",
         "hscode": 441600,
         "generated_by": "tuna",
         "dataset": "MC2",
         "source": "Andhra Pradesh  Sp Worldwide",
         "target": "Jharkhand Sea  S.p.A. United"
      },
      {
         "arrivaldate": "2034-09-10",
         "hscode": 220300,
         "generated_by": "tuna",
         "dataset": "MC2",
         "source": "Andhra Pradesh  Sp Worldwide",
         "target": "Jharkhand Sea  S.p.A. United"
      },
      {
         "arrivaldate": "2034-09-10",
         "hscode": 220300,
         "generated_by": "tuna",
         "dataset": "MC2",
         "source": "Andhra Pradesh  Sp Worldwide",
         "target": "Jharkhand Sea  S.p.A. United"
      },
      {
         "arrivaldate": "2034-10-27",
         "hscode": 890710,
         "generated_by": "tuna",
         "dataset": "MC2",
         "source": "Andhra Pradesh  Sp Worldwide",
         "target": "Jharkhand Sea  S.p.A. United"
      },
      {
         "arrivaldate": "2034-08-30",
         "hscode": 853990,
         "generated_by": "tuna",
         "dataset": "MC2",
         "source": "Andhra Pradesh  Sp Worldwide",
         "target": "Jharkhand Sea  S.p.A. United"
      },
      {
         "arrivaldate": "2034-08-30",
         "hscode": 850440,
         "generated_by": "tuna",
         "dataset": "MC2",
         "source": "Andhra Pradesh  Sp Worldwide",
         "target": "Jharkhand Sea  S.p.A. United"
      },
      {
         "arrivaldate": "2034-09-10",
         "hscode": 220300,
         "generated_by": "tuna",
         "dataset": "MC2",
         "source": "Andhra Pradesh  Sp Worldwide",
         "target": "Jharkhand Sea  S.p.A. United"
      },
      {
         "arrivaldate": "2034-08-19",
         "hscode": 847989,
         "generated_by": "tuna",
         "dataset": "MC2",
         "source": "Andhra Pradesh  Sp Worldwide",
         "target": "Jharkhand Sea  S.p.A. United"
      },
      {
         "arrivaldate": "2034-09-21",
         "hscode": 220300,
         "generated_by": "tuna",
         "dataset": "MC2",
         "source": "Andhra Pradesh  Sp Worldwide",
         "target": "Jharkhand Sea  S.p.A. United"
      },
      {
         "arrivaldate": "2034-08-30",
         "hscode": 853990,
         "generated_by": "tuna",
         "dataset": "MC2",
         "source": "Andhra Pradesh  Sp Worldwide",
         "target": "Jharkhand Sea  S.p.A. United"
      },
      {
         "arrivaldate": "2034-09-21",
         "hscode": 220300,
         "generated_by": "tuna",
         "dataset": "MC2",
         "source": "Andhra Pradesh  Sp Worldwide",
         "target": "Jharkhand Sea  S.p.A. United"
      },
      {
         "arrivaldate": "2034-08-05",
         "hscode": 441600,
         "generated_by": "tuna",
         "dataset": "MC2",
         "source": "Andhra Pradesh  Sp Worldwide",
         "target": "Jharkhand Sea  S.p.A. United"
      },
      {
         "arrivaldate": "2034-08-30",
         "hscode": 220300,
         "generated_by": "tuna",
         "dataset": "MC2",
         "source": "Andhra Pradesh  Sp Worldwide",
         "target": "Jharkhand Sea  S.p.A. United"
      },
      {
         "arrivaldate": "2034-08-30",
         "hscode": 846820,
         "generated_by": "tuna",
         "dataset": "MC2",
         "source": "Andhra Pradesh  Sp Worldwide",
         "target": "Jharkhand Sea  S.p.A. United"
      },
      {
         "arrivaldate": "2034-09-21",
         "hscode": 840999,
         "generated_by": "tuna",
         "dataset": "MC2",
         "source": "Andhra Pradesh  Sp Worldwide",
         "target": "Jharkhand Sea  S.p.A. United"
      },
      {
         "arrivaldate": "2034-08-19",
         "hscode": 440791,
         "generated_by": "tuna",
         "dataset": "MC2",
         "source": "Andhra Pradesh  Sp Worldwide",
         "target": "Jharkhand Sea  S.p.A. United"
      },
      {
         "arrivaldate": "2034-09-21",
         "hscode": 220300,
         "generated_by": "tuna",
         "dataset": "MC2",
         "source": "Andhra Pradesh  Sp Worldwide",
         "target": "Jharkhand Sea  S.p.A. United"
      },
      {
         "arrivaldate": "2034-09-21",
         "hscode": 840999,
         "generated_by": "tuna",
         "dataset": "MC2",
         "source": "Andhra Pradesh  Sp Worldwide",
         "target": "Jharkhand Sea  S.p.A. United"
      },
      {
         "arrivaldate": "2034-09-21",
         "hscode": 220300,
         "generated_by": "tuna",
         "dataset": "MC2",
         "source": "Andhra Pradesh  Sp Worldwide",
         "target": "Jharkhand Sea  S.p.A. United"
      },
      {
         "arrivaldate": "2034-09-21",
         "hscode": 840999,
         "generated_by": "tuna",
         "dataset": "MC2",
         "source": "Andhra Pradesh  Sp Worldwide",
         "target": "Jharkhand Sea  S.p.A. United"
      },
      {
         "arrivaldate": "2034-08-19",
         "hscode": 847989,
         "generated_by": "tuna",
         "dataset": "MC2",
         "source": "Andhra Pradesh  Sp Worldwide",
         "target": "Jharkhand Sea  S.p.A. United"
      },
      {
         "arrivaldate": "2034-08-30",
         "hscode": 846820,
         "generated_by": "tuna",
         "dataset": "MC2",
         "source": "Andhra Pradesh  Sp Worldwide",
         "target": "Jharkhand Sea  S.p.A. United"
      },
      {
         "arrivaldate": "2034-08-05",
         "hscode": 441600,
         "generated_by": "tuna",
         "dataset": "MC2",
         "source": "Andhra Pradesh  Sp Worldwide",
         "target": "Jharkhand Sea  S.p.A. United"
      },
      {
         "arrivaldate": "2034-10-27",
         "hscode": 890710,
         "generated_by": "tuna",
         "dataset": "MC2",
         "source": "Andhra Pradesh  Sp Worldwide",
         "target": "Jharkhand Sea  S.p.A. United"
      },
      {
         "arrivaldate": "2034-10-27",
         "hscode": 890710,
         "generated_by": "tuna",
         "dataset": "MC2",
         "source": "Andhra Pradesh  Sp Worldwide",
         "target": "Jharkhand Sea  S.p.A. United"
      },
      {
         "arrivaldate": "2034-08-30",
         "hscode": 220300,
         "generated_by": "tuna",
         "dataset": "MC2",
         "source": "Andhra Pradesh  Sp Worldwide",
         "target": "Jharkhand Sea  S.p.A. United"
      },
      {
         "arrivaldate": "2034-08-30",
         "hscode": 853990,
         "generated_by": "tuna",
         "dataset": "MC2",
         "source": "Andhra Pradesh  Sp Worldwide",
         "target": "Jharkhand Sea  S.p.A. United"
      },
      {
         "arrivaldate": "2034-08-19",
         "hscode": 847989,
         "generated_by": "tuna",
         "dataset": "MC2",
         "source": "Andhra Pradesh  Sp Worldwide",
         "target": "Jharkhand Sea  S.p.A. United"
      },
      {
         "arrivaldate": "2034-08-19",
         "hscode": 220300,
         "generated_by": "tuna",
         "dataset": "MC2",
         "source": "Andhra Pradesh  Sp Worldwide",
         "target": "Jharkhand Sea  S.p.A. United"
      },
      {
         "arrivaldate": "2034-08-19",
         "hscode": 220300,
         "generated_by": "tuna",
         "dataset": "MC2",
         "source": "Andhra Pradesh  Sp Worldwide",
         "target": "Jharkhand Sea  S.p.A. United"
      },
      {
         "arrivaldate": "2034-08-30",
         "hscode": 850440,
         "generated_by": "tuna",
         "dataset": "MC2",
         "source": "Andhra Pradesh  Sp Worldwide",
         "target": "Jharkhand Sea  S.p.A. United"
      },
      {
         "arrivaldate": "2034-09-21",
         "hscode": 220300,
         "generated_by": "tuna",
         "dataset": "MC2",
         "source": "Andhra Pradesh  Sp Worldwide",
         "target": "Jharkhand Sea  S.p.A. United"
      },
      {
         "arrivaldate": "2034-08-05",
         "hscode": 441600,
         "generated_by": "tuna",
         "dataset": "MC2",
         "source": "Andhra Pradesh  Sp Worldwide",
         "target": "Jharkhand Sea  S.p.A. United"
      },
      {
         "arrivaldate": "2034-08-30",
         "hscode": 853990,
         "generated_by": "tuna",
         "dataset": "MC2",
         "source": "Andhra Pradesh  Sp Worldwide",
         "target": "Jharkhand Sea  S.p.A. United"
      },
      {
         "arrivaldate": "2034-10-27",
         "hscode": 890710,
         "generated_by": "tuna",
         "dataset": "MC2",
         "source": "Andhra Pradesh  Sp Worldwide",
         "target": "Jharkhand Sea  S.p.A. United"
      },
      {
         "arrivaldate": "2034-08-30",
         "hscode": 846820,
         "generated_by": "tuna",
         "dataset": "MC2",
         "source": "Andhra Pradesh  Sp Worldwide",
         "target": "Jharkhand Sea  S.p.A. United"
      },
      {
         "arrivaldate": "2034-08-19",
         "hscode": 440791,
         "generated_by": "tuna",
         "dataset": "MC2",
         "source": "Andhra Pradesh  Sp Worldwide",
         "target": "Jharkhand Sea  S.p.A. United"
      },
      {
         "arrivaldate": "2034-09-10",
         "hscode": 220300,
         "generated_by": "tuna",
         "dataset": "MC2",
         "source": "Andhra Pradesh  Sp Worldwide",
         "target": "Jharkhand Sea  S.p.A. United"
      },
      {
         "arrivaldate": "2034-09-10",
         "hscode": 220300,
         "generated_by": "tuna",
         "dataset": "MC2",
         "source": "Andhra Pradesh  Sp Worldwide",
         "target": "Jharkhand Sea  S.p.A. United"
      },
      {
         "arrivaldate": "2034-08-30",
         "hscode": 846820,
         "generated_by": "tuna",
         "dataset": "MC2",
         "source": "Andhra Pradesh  Sp Worldwide",
         "target": "Jharkhand Sea  S.p.A. United"
      },
      {
         "arrivaldate": "2034-08-30",
         "hscode": 853990,
         "generated_by": "tuna",
         "dataset": "MC2",
         "source": "Andhra Pradesh  Sp Worldwide",
         "target": "Jharkhand Sea  S.p.A. United"
      },
      {
         "arrivaldate": "2034-08-19",
         "hscode": 847989,
         "generated_by": "tuna",
         "dataset": "MC2",
         "source": "Andhra Pradesh  Sp Worldwide",
         "target": "Jharkhand Sea  S.p.A. United"
      },
      {
         "arrivaldate": "2034-09-21",
         "hscode": 220300,
         "generated_by": "tuna",
         "dataset": "MC2",
         "source": "Andhra Pradesh  Sp Worldwide",
         "target": "Jharkhand Sea  S.p.A. United"
      },
      {
         "arrivaldate": "2034-08-30",
         "hscode": 853990,
         "generated_by": "tuna",
         "dataset": "MC2",
         "source": "Andhra Pradesh  Sp Worldwide",
         "target": "Jharkhand Sea  S.p.A. United"
      },
      {
         "arrivaldate": "2034-10-27",
         "hscode": 890710,
         "generated_by": "tuna",
         "dataset": "MC2",
         "source": "Andhra Pradesh  Sp Worldwide",
         "target": "Jharkhand Sea  S.p.A. United"
      },
      {
         "arrivaldate": "2034-08-19",
         "hscode": 440791,
         "generated_by": "tuna",
         "dataset": "MC2",
         "source": "Andhra Pradesh  Sp Worldwide",
         "target": "Jharkhand Sea  S.p.A. United"
      },
      {
         "arrivaldate": "2034-09-10",
         "hscode": 220300,
         "generated_by": "tuna",
         "dataset": "MC2",
         "source": "Andhra Pradesh  Sp Worldwide",
         "target": "Jharkhand Sea  S.p.A. United"
      },
      {
         "arrivaldate": "2034-09-10",
         "hscode": 220300,
         "generated_by": "tuna",
         "dataset": "MC2",
         "source": "Andhra Pradesh  Sp Worldwide",
         "target": "Jharkhand Sea  S.p.A. United"
      },
      {
         "arrivaldate": "2034-10-27",
         "hscode": 890710,
         "generated_by": "tuna",
         "dataset": "MC2",
         "source": "Andhra Pradesh  Sp Worldwide",
         "target": "Jharkhand Sea  S.p.A. United"
      },
      {
         "arrivaldate": "2034-08-19",
         "hscode": 220300,
         "generated_by": "tuna",
         "dataset": "MC2",
         "source": "Andhra Pradesh  Sp Worldwide",
         "target": "Jharkhand Sea  S.p.A. United"
      },
      {
         "arrivaldate": "2034-09-21",
         "hscode": 220300,
         "generated_by": "tuna",
         "dataset": "MC2",
         "source": "Andhra Pradesh  Sp Worldwide",
         "target": "Jharkhand Sea  S.p.A. United"
      },
      {
         "arrivaldate": "2034-09-21",
         "hscode": 840999,
         "generated_by": "tuna",
         "dataset": "MC2",
         "source": "Andhra Pradesh  Sp Worldwide",
         "target": "Jharkhand Sea  S.p.A. United"
      },
      {
         "arrivaldate": "2034-09-21",
         "hscode": 220300,
         "generated_by": "tuna",
         "dataset": "MC2",
         "source": "Andhra Pradesh  Sp Worldwide",
         "target": "Jharkhand Sea  S.p.A. United"
      },
      {
         "arrivaldate": "2034-09-21",
         "hscode": 220300,
         "generated_by": "tuna",
         "dataset": "MC2",
         "source": "Andhra Pradesh  Sp Worldwide",
         "target": "Jharkhand Sea  S.p.A. United"
      },
      {
         "arrivaldate": "2034-08-30",
         "hscode": 220300,
         "generated_by": "tuna",
         "dataset": "MC2",
         "source": "Andhra Pradesh  Sp Worldwide",
         "target": "Jharkhand Sea  S.p.A. United"
      },
      {
         "arrivaldate": "2034-09-21",
         "hscode": 840999,
         "generated_by": "tuna",
         "dataset": "MC2",
         "source": "Andhra Pradesh  Sp Worldwide",
         "target": "Jharkhand Sea  S.p.A. United"
      },
      {
         "arrivaldate": "2034-08-19",
         "hscode": 440791,
         "generated_by": "tuna",
         "dataset": "MC2",
         "source": "Andhra Pradesh  Sp Worldwide",
         "target": "Jharkhand Sea  S.p.A. United"
      },
      {
         "arrivaldate": "2034-08-19",
         "hscode": 200911,
         "generated_by": "tuna",
         "dataset": "MC2",
         "source": "Andhra Pradesh  Sp Worldwide",
         "target": "Jharkhand Sea  S.p.A. United"
      },
      {
         "arrivaldate": "2034-08-19",
         "hscode": 440791,
         "generated_by": "tuna",
         "dataset": "MC2",
         "source": "Andhra Pradesh  Sp Worldwide",
         "target": "Jharkhand Sea  S.p.A. United"
      },
      {
         "arrivaldate": "2034-09-30",
         "hscode": 321519,
         "valueofgoods_omu": 57525.0,
         "generated_by": "tuna",
         "dataset": "MC2",
         "source": "Dutch Mussels Pic Marine biology",
         "target": "Congo Rapids   Ltd. Corporation"
      },
      {
         "arrivaldate": "2034-09-30",
         "hscode": 321519,
         "valueofgoods_omu": 57525.0,
         "generated_by": "tuna",
         "dataset": "MC2",
         "source": "Dutch Mussels Pic Marine biology",
         "target": "Congo Rapids   Ltd. Corporation"
      },
      {
         "arrivaldate": "2034-09-30",
         "hscode": 321519,
         "valueofgoods_omu": 57525.0,
         "generated_by": "tuna",
         "dataset": "MC2",
         "source": "Dutch Mussels Pic Marine biology",
         "target": "Congo Rapids   Ltd. Corporation"
      },
      {
         "arrivaldate": "2034-09-30",
         "hscode": 321519,
         "valueofgoods_omu": 57525.0,
         "generated_by": "tuna",
         "dataset": "MC2",
         "source": "Dutch Mussels Pic Marine biology",
         "target": "Congo Rapids   Ltd. Corporation"
      },
      {
         "arrivaldate": "2034-09-30",
         "hscode": 321519,
         "valueofgoods_omu": 57525.0,
         "generated_by": "tuna",
         "dataset": "MC2",
         "source": "Dutch Mussels Pic Marine biology",
         "target": "Congo Rapids   Ltd. Corporation"
      },
      {
         "arrivaldate": "2034-09-30",
         "hscode": 321519,
         "valueofgoods_omu": 57525.0,
         "generated_by": "tuna",
         "dataset": "MC2",
         "source": "Dutch Mussels Pic Marine biology",
         "target": "Congo Rapids   Ltd. Corporation"
      },
      {
         "arrivaldate": "2034-09-30",
         "hscode": 321519,
         "valueofgoods_omu": 57525.0,
         "generated_by": "tuna",
         "dataset": "MC2",
         "source": "Dutch Mussels Pic Marine biology",
         "target": "Congo Rapids   Ltd. Corporation"
      },
      {
         "arrivaldate": "2034-09-30",
         "hscode": 321519,
         "valueofgoods_omu": 57525.0,
         "generated_by": "tuna",
         "dataset": "MC2",
         "source": "Dutch Mussels Pic Marine biology",
         "target": "Congo Rapids   Ltd. Corporation"
      },
      {
         "arrivaldate": "2034-09-30",
         "hscode": 321519,
         "valueofgoods_omu": 57525.0,
         "generated_by": "tuna",
         "dataset": "MC2",
         "source": "Dutch Mussels Pic Marine biology",
         "target": "Congo Rapids   Ltd. Corporation"
      },
      {
         "arrivaldate": "2034-09-30",
         "hscode": 321519,
         "valueofgoods_omu": 57525.0,
         "generated_by": "tuna",
         "dataset": "MC2",
         "source": "Dutch Mussels Pic Marine biology",
         "target": "Congo Rapids   Ltd. Corporation"
      },
      {
         "arrivaldate": "2034-09-30",
         "hscode": 321519,
         "valueofgoods_omu": 57525.0,
         "generated_by": "tuna",
         "dataset": "MC2",
         "source": "Dutch Mussels Pic Marine biology",
         "target": "Congo Rapids   Ltd. Corporation"
      },
      {
         "arrivaldate": "2034-09-30",
         "hscode": 321519,
         "valueofgoods_omu": 57525.0,
         "generated_by": "tuna",
         "dataset": "MC2",
         "source": "Dutch Mussels Pic Marine biology",
         "target": "Congo Rapids   Ltd. Corporation"
      },
      {
         "arrivaldate": "2034-08-04",
         "hscode": 321519,
         "valueofgoods_omu": 23720.0,
         "generated_by": "tuna",
         "dataset": "MC2",
         "source": "Dutch Mussels Pic Marine biology",
         "target": "Angrapa Ltd. Liability Co Export"
      },
      {
         "arrivaldate": "2034-08-04",
         "hscode": 321519,
         "valueofgoods_omu": 23720.0,
         "generated_by": "tuna",
         "dataset": "MC2",
         "source": "Dutch Mussels Pic Marine biology",
         "target": "Angrapa Ltd. Liability Co Export"
      },
      {
         "arrivaldate": "2034-08-04",
         "hscode": 321519,
         "valueofgoods_omu": 23720.0,
         "generated_by": "tuna",
         "dataset": "MC2",
         "source": "Dutch Mussels Pic Marine biology",
         "target": "Angrapa Ltd. Liability Co Export"
      },
      {
         "arrivaldate": "2034-08-04",
         "hscode": 321519,
         "valueofgoods_omu": 23720.0,
         "generated_by": "tuna",
         "dataset": "MC2",
         "source": "Dutch Mussels Pic Marine biology",
         "target": "Angrapa Ltd. Liability Co Export"
      },
      {
         "arrivaldate": "2034-08-04",
         "hscode": 321519,
         "valueofgoods_omu": 23720.0,
         "generated_by": "tuna",
         "dataset": "MC2",
         "source": "Dutch Mussels Pic Marine biology",
         "target": "Angrapa Ltd. Liability Co Export"
      },
      {
         "arrivaldate": "2034-08-04",
         "hscode": 321519,
         "valueofgoods_omu": 23720.0,
         "generated_by": "tuna",
         "dataset": "MC2",
         "source": "Dutch Mussels Pic Marine biology",
         "target": "Angrapa Ltd. Liability Co Export"
      },
      {
         "arrivaldate": "2034-11-14",
         "hscode": 321519,
         "valueofgoods_omu": 87825.0,
         "generated_by": "tuna",
         "dataset": "MC2",
         "source": "Dutch Mussels Pic Marine biology",
         "target": "Coral Cove BV Delivery"
      },
      {
         "arrivaldate": "2034-02-10",
         "hscode": 321511,
         "valueofgoods_omu": 22310.0,
         "generated_by": "tuna",
         "dataset": "MC2",
         "source": "Dutch Mussels Pic Marine biology",
         "target": "Coral Cove BV Delivery"
      },
      {
         "arrivaldate": "2034-11-14",
         "hscode": 321519,
         "valueofgoods_omu": 87825.0,
         "generated_by": "tuna",
         "dataset": "MC2",
         "source": "Dutch Mussels Pic Marine biology",
         "target": "Coral Cove BV Delivery"
      },
      {
         "arrivaldate": "2034-11-14",
         "hscode": 321519,
         "valueofgoods_omu": 87825.0,
         "generated_by": "tuna",
         "dataset": "MC2",
         "source": "Dutch Mussels Pic Marine biology",
         "target": "Coral Cove BV Delivery"
      },
      {
         "arrivaldate": "2034-11-14",
         "hscode": 321519,
         "valueofgoods_omu": 87825.0,
         "generated_by": "tuna",
         "dataset": "MC2",
         "source": "Dutch Mussels Pic Marine biology",
         "target": "Coral Cove BV Delivery"
      },
      {
         "arrivaldate": "2034-11-14",
         "hscode": 321519,
         "valueofgoods_omu": 87825.0,
         "generated_by": "tuna",
         "dataset": "MC2",
         "source": "Dutch Mussels Pic Marine biology",
         "target": "Coral Cove BV Delivery"
      },
      {
         "arrivaldate": "2034-11-14",
         "hscode": 321519,
         "valueofgoods_omu": 87825.0,
         "generated_by": "tuna",
         "dataset": "MC2",
         "source": "Dutch Mussels Pic Marine biology",
         "target": "Coral Cove BV Delivery"
      },
      {
         "arrivaldate": "2034-11-14",
         "hscode": 321519,
         "valueofgoods_omu": 87825.0,
         "generated_by": "tuna",
         "dataset": "MC2",
         "source": "Dutch Mussels Pic Marine biology",
         "target": "Coral Cove BV Delivery"
      },
      {
         "arrivaldate": "2034-08-25",
         "hscode": 731010,
         "generated_by": "tuna",
         "dataset": "MC2",
         "source": "Dutch Mussels Pic Marine biology",
         "target": "Orange River   Eel Company Shipping"
      },
      {
         "arrivaldate": "2034-08-25",
         "hscode": 731010,
         "generated_by": "tuna",
         "dataset": "MC2",
         "source": "Dutch Mussels Pic Marine biology",
         "target": "Orange River   Eel Company Shipping"
      },
      {
         "arrivaldate": "2034-08-25",
         "hscode": 731010,
         "generated_by": "tuna",
         "dataset": "MC2",
         "source": "Dutch Mussels Pic Marine biology",
         "target": "Orange River   Eel Company Shipping"
      },
      {
         "arrivaldate": "2034-08-25",
         "hscode": 731010,
         "generated_by": "tuna",
         "dataset": "MC2",
         "source": "Dutch Mussels Pic Marine biology",
         "target": "Orange River   Eel Company Shipping"
      },
      {
         "arrivaldate": "2034-08-25",
         "hscode": 731010,
         "generated_by": "tuna",
         "dataset": "MC2",
         "source": "Dutch Mussels Pic Marine biology",
         "target": "Orange River   Eel Company Shipping"
      },
      {
         "arrivaldate": "2034-08-25",
         "hscode": 731010,
         "generated_by": "tuna",
         "dataset": "MC2",
         "source": "Dutch Mussels Pic Marine biology",
         "target": "Orange River   Eel Company Shipping"
      },
      {
         "arrivaldate": "2034-08-25",
         "hscode": 731010,
         "generated_by": "tuna",
         "dataset": "MC2",
         "source": "Dutch Mussels Pic Marine biology",
         "target": "Orange River   Eel Company Shipping"
      },
      {
         "arrivaldate": "2034-08-25",
         "hscode": 731010,
         "generated_by": "tuna",
         "dataset": "MC2",
         "source": "Dutch Mussels Pic Marine biology",
         "target": "Orange River   Eel Company Shipping"
      },
      {
         "arrivaldate": "2034-09-22",
         "hscode": 321519,
         "valueofgoods_omu": 664545.0,
         "generated_by": "tuna",
         "dataset": "MC2",
         "source": "Dutch Mussels Pic Marine biology",
         "target": "Dutch Mussels Pic Marine biology"
      },
      {
         "arrivaldate": "2034-02-05",
         "hscode": 321519,
         "valueofgoods_omu": 1290750.0,
         "generated_by": "tuna",
         "dataset": "MC2",
         "source": "Dutch Mussels Pic Marine biology",
         "target": "Dutch Mussels Pic Marine biology"
      },
      {
         "arrivaldate": "2034-01-30",
         "hscode": 321519,
         "valueofgoods_omu": 491420.0,
         "generated_by": "tuna",
         "dataset": "MC2",
         "source": "Dutch Mussels Pic Marine biology",
         "target": "Dutch Mussels Pic Marine biology"
      },
      {
         "arrivaldate": "2034-05-05",
         "hscode": 903180,
         "generated_by": "tuna",
         "dataset": "MC2",
         "source": "Dutch Mussels Pic Marine biology",
         "target": "Dutch Mussels Pic Marine biology"
      },
      {
         "arrivaldate": "2034-05-05",
         "hscode": 903180,
         "generated_by": "tuna",
         "dataset": "MC2",
         "source": "Dutch Mussels Pic Marine biology",
         "target": "Dutch Mussels Pic Marine biology"
      },
      {
         "arrivaldate": "2034-02-05",
         "hscode": 321519,
         "valueofgoods_omu": 1290750.0,
         "generated_by": "tuna",
         "dataset": "MC2",
         "source": "Dutch Mussels Pic Marine biology",
         "target": "Dutch Mussels Pic Marine biology"
      },
      {
         "arrivaldate": "2034-05-05",
         "hscode": 903180,
         "generated_by": "tuna",
         "dataset": "MC2",
         "source": "Dutch Mussels Pic Marine biology",
         "target": "Dutch Mussels Pic Marine biology"
      },
      {
         "arrivaldate": "2034-05-05",
         "hscode": 903180,
         "generated_by": "tuna",
         "dataset": "MC2",
         "source": "Dutch Mussels Pic Marine biology",
         "target": "Dutch Mussels Pic Marine biology"
      },
      {
         "arrivaldate": "2034-09-22",
         "hscode": 321519,
         "valueofgoods_omu": 664545.0,
         "generated_by": "tuna",
         "dataset": "MC2",
         "source": "Dutch Mussels Pic Marine biology",
         "target": "Dutch Mussels Pic Marine biology"
      },
      {
         "arrivaldate": "2034-02-05",
         "hscode": 321519,
         "valueofgoods_omu": 1290750.0,
         "generated_by": "tuna",
         "dataset": "MC2",
         "source": "Dutch Mussels Pic Marine biology",
         "target": "Dutch Mussels Pic Marine biology"
      },
      {
         "arrivaldate": "2034-05-05",
         "hscode": 903180,
         "generated_by": "tuna",
         "dataset": "MC2",
         "source": "Dutch Mussels Pic Marine biology",
         "target": "Dutch Mussels Pic Marine biology"
      },
      {
         "arrivaldate": "2034-02-05",
         "hscode": 321519,
         "valueofgoods_omu": 1290750.0,
         "generated_by": "tuna",
         "dataset": "MC2",
         "source": "Dutch Mussels Pic Marine biology",
         "target": "Dutch Mussels Pic Marine biology"
      },
      {
         "arrivaldate": "2034-09-22",
         "hscode": 321519,
         "valueofgoods_omu": 664545.0,
         "generated_by": "tuna",
         "dataset": "MC2",
         "source": "Dutch Mussels Pic Marine biology",
         "target": "Dutch Mussels Pic Marine biology"
      },
      {
         "arrivaldate": "2034-09-22",
         "hscode": 321519,
         "valueofgoods_omu": 664545.0,
         "generated_by": "tuna",
         "dataset": "MC2",
         "source": "Dutch Mussels Pic Marine biology",
         "target": "Dutch Mussels Pic Marine biology"
      },
      {
         "arrivaldate": "2034-05-05",
         "hscode": 903180,
         "generated_by": "tuna",
         "dataset": "MC2",
         "source": "Dutch Mussels Pic Marine biology",
         "target": "Dutch Mussels Pic Marine biology"
      },
      {
         "arrivaldate": "2034-05-05",
         "hscode": 903180,
         "generated_by": "tuna",
         "dataset": "MC2",
         "source": "Dutch Mussels Pic Marine biology",
         "target": "Dutch Mussels Pic Marine biology"
      },
      {
         "arrivaldate": "2034-05-05",
         "hscode": 903180,
         "generated_by": "tuna",
         "dataset": "MC2",
         "source": "Dutch Mussels Pic Marine biology",
         "target": "Dutch Mussels Pic Marine biology"
      },
      {
         "arrivaldate": "2034-09-22",
         "hscode": 321519,
         "valueofgoods_omu": 664545.0,
         "generated_by": "tuna",
         "dataset": "MC2",
         "source": "Dutch Mussels Pic Marine biology",
         "target": "Dutch Mussels Pic Marine biology"
      },
      {
         "arrivaldate": "2034-05-05",
         "hscode": 903180,
         "generated_by": "tuna",
         "dataset": "MC2",
         "source": "Dutch Mussels Pic Marine biology",
         "target": "Dutch Mussels Pic Marine biology"
      },
      {
         "arrivaldate": "2034-09-22",
         "hscode": 321519,
         "valueofgoods_omu": 664545.0,
         "generated_by": "tuna",
         "dataset": "MC2",
         "source": "Dutch Mussels Pic Marine biology",
         "target": "Dutch Mussels Pic Marine biology"
      },
      {
         "arrivaldate": "2033-12-05",
         "hscode": 321519,
         "generated_by": "tuna",
         "dataset": "MC2",
         "source": "Dutch Mussels Pic Marine biology",
         "target": "Kilwa Coast  Coast NV Delivery"
      },
      {
         "arrivaldate": "2033-12-05",
         "hscode": 321519,
         "generated_by": "tuna",
         "dataset": "MC2",
         "source": "Dutch Mussels Pic Marine biology",
         "target": "Kilwa Coast  Coast NV Delivery"
      },
      {
         "arrivaldate": "2033-12-05",
         "hscode": 321519,
         "generated_by": "tuna",
         "dataset": "MC2",
         "source": "Dutch Mussels Pic Marine biology",
         "target": "Kilwa Coast  Coast NV Delivery"
      },
      {
         "arrivaldate": "2033-12-05",
         "hscode": 321519,
         "generated_by": "tuna",
         "dataset": "MC2",
         "source": "Dutch Mussels Pic Marine biology",
         "target": "Kilwa Coast  Coast NV Delivery"
      },
      {
         "arrivaldate": "2033-12-11",
         "hscode": 321511,
         "valueofgoods_omu": 482150.0,
         "generated_by": "tuna",
         "dataset": "MC2",
         "source": "Dutch Mussels Pic Marine biology",
         "target": "Kilwa Coast  Coast NV Delivery"
      },
      {
         "arrivaldate": "2033-12-11",
         "hscode": 321511,
         "valueofgoods_omu": 482150.0,
         "generated_by": "tuna",
         "dataset": "MC2",
         "source": "Dutch Mussels Pic Marine biology",
         "target": "Kilwa Coast  Coast NV Delivery"
      },
      {
         "arrivaldate": "2034-06-16",
         "hscode": 321519,
         "valueofgoods_omu": 121105.0,
         "generated_by": "tuna",
         "dataset": "MC2",
         "source": "Dutch Mussels Pic Marine biology",
         "target": "h\u01cei d\u01cen Corporation Wharf"
      },
      {
         "arrivaldate": "2034-06-16",
         "hscode": 321519,
         "valueofgoods_omu": 121105.0,
         "generated_by": "tuna",
         "dataset": "MC2",
         "source": "Dutch Mussels Pic Marine biology",
         "target": "h\u01cei d\u01cen Corporation Wharf"
      },
      {
         "arrivaldate": "2034-06-16",
         "hscode": 321519,
         "valueofgoods_omu": 121105.0,
         "generated_by": "tuna",
         "dataset": "MC2",
         "source": "Dutch Mussels Pic Marine biology",
         "target": "h\u01cei d\u01cen Corporation Wharf"
      },
      {
         "arrivaldate": "2034-06-16",
         "hscode": 321519,
         "valueofgoods_omu": 121105.0,
         "generated_by": "tuna",
         "dataset": "MC2",
         "source": "Dutch Mussels Pic Marine biology",
         "target": "h\u01cei d\u01cen Corporation Wharf"
      },
      {
         "arrivaldate": "2034-06-16",
         "hscode": 321519,
         "valueofgoods_omu": 121105.0,
         "generated_by": "tuna",
         "dataset": "MC2",
         "source": "Dutch Mussels Pic Marine biology",
         "target": "h\u01cei d\u01cen Corporation Wharf"
      },
      {
         "arrivaldate": "2034-01-22",
         "hscode": 71430,
         "valueofgoods_omu": 19215.0,
         "generated_by": "tuna",
         "dataset": "MC2",
         "source": "Brisa Marina Surfboard AB Marine conservation",
         "target": "Mar de la Felicidad Inc Motorboat"
      },
      {
         "arrivaldate": "2034-05-21",
         "hscode": 71430,
         "valueofgoods_omu": 20410.0,
         "generated_by": "tuna",
         "dataset": "MC2",
         "source": "Brisa Marina Surfboard AB Marine conservation",
         "target": "Mar de la Felicidad Inc Motorboat"
      },
      {
         "arrivaldate": "2034-05-21",
         "hscode": 71430,
         "valueofgoods_omu": 20410.0,
         "generated_by": "tuna",
         "dataset": "MC2",
         "source": "Brisa Marina Surfboard AB Marine conservation",
         "target": "Mar de la Felicidad Inc Motorboat"
      },
      {
         "arrivaldate": "2034-01-22",
         "hscode": 71430,
         "valueofgoods_omu": 19215.0,
         "generated_by": "tuna",
         "dataset": "MC2",
         "source": "Brisa Marina Surfboard AB Marine conservation",
         "target": "Mar de la Felicidad Inc Motorboat"
      },
      {
         "arrivaldate": "2034-01-22",
         "hscode": 71430,
         "valueofgoods_omu": 19215.0,
         "generated_by": "tuna",
         "dataset": "MC2",
         "source": "Brisa Marina Surfboard AB Marine conservation",
         "target": "Mar de la Felicidad Inc Motorboat"
      },
      {
         "arrivaldate": "2034-01-22",
         "hscode": 71430,
         "valueofgoods_omu": 19215.0,
         "generated_by": "tuna",
         "dataset": "MC2",
         "source": "Brisa Marina Surfboard AB Marine conservation",
         "target": "Mar de la Felicidad Inc Motorboat"
      },
      {
         "arrivaldate": "2034-01-22",
         "hscode": 71430,
         "valueofgoods_omu": 19215.0,
         "generated_by": "tuna",
         "dataset": "MC2",
         "source": "Brisa Marina Surfboard AB Marine conservation",
         "target": "Mar de la Felicidad Inc Motorboat"
      },
      {
         "arrivaldate": "2034-05-21",
         "hscode": 71430,
         "valueofgoods_omu": 20410.0,
         "generated_by": "tuna",
         "dataset": "MC2",
         "source": "Brisa Marina Surfboard AB Marine conservation",
         "target": "Mar de la Felicidad Inc Motorboat"
      },
      {
         "arrivaldate": "2034-01-06",
         "hscode": 701090,
         "generated_by": "tuna",
         "dataset": "MC2",
         "source": "Brisa Marina Surfboard AB Marine conservation",
         "target": "Coastal Castaway GmbH & Co. KG"
      },
      {
         "arrivaldate": "2034-01-06",
         "hscode": 701090,
         "generated_by": "tuna",
         "dataset": "MC2",
         "source": "Brisa Marina Surfboard AB Marine conservation",
         "target": "Coastal Castaway GmbH & Co. KG"
      },
      {
         "arrivaldate": "2034-11-07",
         "hscode": 870899,
         "generated_by": "tuna",
         "dataset": "MC2",
         "source": "Brisa Marina Surfboard AB Marine conservation",
         "target": "Icelandic Cod OJSC Services"
      },
      {
         "arrivaldate": "2034-11-07",
         "hscode": 870899,
         "generated_by": "tuna",
         "dataset": "MC2",
         "source": "Brisa Marina Surfboard AB Marine conservation",
         "target": "Icelandic Cod OJSC Services"
      },
      {
         "arrivaldate": "2034-11-07",
         "hscode": 870899,
         "generated_by": "tuna",
         "dataset": "MC2",
         "source": "Brisa Marina Surfboard AB Marine conservation",
         "target": "Icelandic Cod OJSC Services"
      },
      {
         "arrivaldate": "2034-11-07",
         "hscode": 870899,
         "generated_by": "tuna",
         "dataset": "MC2",
         "source": "Brisa Marina Surfboard AB Marine conservation",
         "target": "Icelandic Cod OJSC Services"
      },
      {
         "arrivaldate": "2034-11-07",
         "hscode": 870899,
         "generated_by": "tuna",
         "dataset": "MC2",
         "source": "Brisa Marina Surfboard AB Marine conservation",
         "target": "Icelandic Cod OJSC Services"
      },
      {
         "arrivaldate": "2034-11-07",
         "hscode": 870899,
         "generated_by": "tuna",
         "dataset": "MC2",
         "source": "Brisa Marina Surfboard AB Marine conservation",
         "target": "Icelandic Cod OJSC Services"
      },
      {
         "arrivaldate": "2034-11-07",
         "hscode": 870899,
         "generated_by": "tuna",
         "dataset": "MC2",
         "source": "Brisa Marina Surfboard AB Marine conservation",
         "target": "Icelandic Cod OJSC Services"
      },
      {
         "arrivaldate": "2034-11-07",
         "hscode": 870899,
         "generated_by": "tuna",
         "dataset": "MC2",
         "source": "Brisa Marina Surfboard AB Marine conservation",
         "target": "Icelandic Cod OJSC Services"
      },
      {
         "arrivaldate": "2034-11-07",
         "hscode": 870899,
         "generated_by": "tuna",
         "dataset": "MC2",
         "source": "Brisa Marina Surfboard AB Marine conservation",
         "target": "Icelandic Cod OJSC Services"
      },
      {
         "arrivaldate": "2034-11-07",
         "hscode": 870899,
         "generated_by": "tuna",
         "dataset": "MC2",
         "source": "Brisa Marina Surfboard AB Marine conservation",
         "target": "Icelandic Cod OJSC Services"
      },
      {
         "arrivaldate": "2034-11-07",
         "hscode": 870899,
         "generated_by": "tuna",
         "dataset": "MC2",
         "source": "Brisa Marina Surfboard AB Marine conservation",
         "target": "Icelandic Cod OJSC Services"
      },
      {
         "arrivaldate": "2034-04-18",
         "hscode": 391990,
         "generated_by": "tuna",
         "dataset": "MC2",
         "source": "Brisa Marina Surfboard AB Marine conservation",
         "target": "h\u01cei d\u01cen Corporation Wharf"
      },
      {
         "arrivaldate": "2034-11-14",
         "hscode": 392321,
         "generated_by": "tuna",
         "dataset": "MC2",
         "source": "Brisa Marina Surfboard AB Marine conservation",
         "target": "h\u01cei d\u01cen Corporation Wharf"
      },
      {
         "arrivaldate": "2034-11-14",
         "hscode": 392321,
         "generated_by": "tuna",
         "dataset": "MC2",
         "source": "Brisa Marina Surfboard AB Marine conservation",
         "target": "h\u01cei d\u01cen Corporation Wharf"
      },
      {
         "arrivaldate": "2034-11-14",
         "hscode": 392321,
         "generated_by": "tuna",
         "dataset": "MC2",
         "source": "Brisa Marina Surfboard AB Marine conservation",
         "target": "h\u01cei d\u01cen Corporation Wharf"
      },
      {
         "arrivaldate": "2034-04-18",
         "hscode": 391990,
         "generated_by": "tuna",
         "dataset": "MC2",
         "source": "Brisa Marina Surfboard AB Marine conservation",
         "target": "h\u01cei d\u01cen Corporation Wharf"
      },
      {
         "arrivaldate": "2034-11-14",
         "hscode": 392321,
         "generated_by": "tuna",
         "dataset": "MC2",
         "source": "Brisa Marina Surfboard AB Marine conservation",
         "target": "h\u01cei d\u01cen Corporation Wharf"
      },
      {
         "arrivaldate": "2034-11-14",
         "hscode": 392321,
         "generated_by": "tuna",
         "dataset": "MC2",
         "source": "Brisa Marina Surfboard AB Marine conservation",
         "target": "h\u01cei d\u01cen Corporation Wharf"
      },
      {
         "arrivaldate": "2034-11-14",
         "hscode": 392321,
         "generated_by": "tuna",
         "dataset": "MC2",
         "source": "Brisa Marina Surfboard AB Marine conservation",
         "target": "h\u01cei d\u01cen Corporation Wharf"
      },
      {
         "arrivaldate": "2034-11-14",
         "hscode": 392321,
         "generated_by": "tuna",
         "dataset": "MC2",
         "source": "Brisa Marina Surfboard AB Marine conservation",
         "target": "h\u01cei d\u01cen Corporation Wharf"
      },
      {
         "arrivaldate": "2034-04-29",
         "hscode": 200899,
         "valueofgoods_omu": 4900.0,
         "generated_by": "tuna",
         "dataset": "MC2",
         "source": "Brisa Marina Surfboard AB Marine conservation",
         "target": "Kong zhong diao yu  Express Charter Boat "
      },
      {
         "arrivaldate": "2034-01-26",
         "hscode": 30739,
         "valueofgoods_omu": 130070.0,
         "generated_by": "tuna",
         "dataset": "MC2",
         "source": "xi\u01ceo xi\u0101 S.p.A. Deep-sea",
         "target": "Caracola Azul Oyj &"
      },
      {
         "arrivaldate": "2034-04-16",
         "hscode": 30739,
         "valueofgoods_omu": 132095.0,
         "generated_by": "tuna",
         "dataset": "MC2",
         "source": "xi\u01ceo xi\u0101 S.p.A. Deep-sea",
         "target": "Caracola Azul Oyj &"
      },
      {
         "arrivaldate": "2034-01-26",
         "hscode": 30739,
         "valueofgoods_omu": 130075.0,
         "generated_by": "tuna",
         "dataset": "MC2",
         "source": "xi\u01ceo xi\u0101 S.p.A. Deep-sea",
         "target": "Caracola Azul Oyj &"
      },
      {
         "arrivaldate": "2034-01-26",
         "hscode": 30739,
         "valueofgoods_omu": 130070.0,
         "generated_by": "tuna",
         "dataset": "MC2",
         "source": "xi\u01ceo xi\u0101 S.p.A. Deep-sea",
         "target": "Caracola Azul Oyj &"
      },
      {
         "arrivaldate": "2034-05-02",
         "hscode": 30732,
         "valueofgoods_omu": 136035.0,
         "generated_by": "tuna",
         "dataset": "MC2",
         "source": "xi\u01ceo xi\u0101 S.p.A. Deep-sea",
         "target": "Faroe Islands Halibut Sea S.p.A. Distribution"
      },
      {
         "arrivaldate": "2034-05-02",
         "hscode": 30732,
         "valueofgoods_omu": 136035.0,
         "generated_by": "tuna",
         "dataset": "MC2",
         "source": "xi\u01ceo xi\u0101 S.p.A. Deep-sea",
         "target": "Faroe Islands Halibut Sea S.p.A. Distribution"
      },
      {
         "arrivaldate": "2034-05-02",
         "hscode": 30732,
         "valueofgoods_omu": 136035.0,
         "generated_by": "tuna",
         "dataset": "MC2",
         "source": "xi\u01ceo xi\u0101 S.p.A. Deep-sea",
         "target": "Faroe Islands Halibut Sea S.p.A. Distribution"
      },
      {
         "arrivaldate": "2034-01-30",
         "hscode": 30732,
         "valueofgoods_omu": 127035.0,
         "generated_by": "tuna",
         "dataset": "MC2",
         "source": "xi\u01ceo xi\u0101 S.p.A. Deep-sea",
         "target": "Faroe Islands Halibut Sea S.p.A. Distribution"
      },
      {
         "arrivaldate": "2034-01-30",
         "hscode": 30732,
         "valueofgoods_omu": 127035.0,
         "generated_by": "tuna",
         "dataset": "MC2",
         "source": "xi\u01ceo xi\u0101 S.p.A. Deep-sea",
         "target": "Faroe Islands Halibut Sea S.p.A. Distribution"
      },
      {
         "arrivaldate": "2034-05-02",
         "hscode": 30732,
         "valueofgoods_omu": 136035.0,
         "generated_by": "tuna",
         "dataset": "MC2",
         "source": "xi\u01ceo xi\u0101 S.p.A. Deep-sea",
         "target": "Faroe Islands Halibut Sea S.p.A. Distribution"
      },
      {
         "arrivaldate": "2034-07-09",
         "hscode": 30479,
         "valueofgoods_omu": 138090.0,
         "generated_by": "tuna",
         "dataset": "MC2",
         "source": "xi\u01ceo xi\u0101 S.p.A. Deep-sea",
         "target": "Irish Sea  Salt spray"
      },
      {
         "arrivaldate": "2034-07-09",
         "hscode": 30479,
         "valueofgoods_omu": 138090.0,
         "generated_by": "tuna",
         "dataset": "MC2",
         "source": "xi\u01ceo xi\u0101 S.p.A. Deep-sea",
         "target": "Irish Sea  Salt spray"
      },
      {
         "arrivaldate": "2034-07-14",
         "hscode": 30479,
         "valueofgoods_omu": 135100.0,
         "generated_by": "tuna",
         "dataset": "MC2",
         "source": "xi\u01ceo xi\u0101 S.p.A. Deep-sea",
         "target": "Irish Sea  Salt spray"
      },
      {
         "arrivaldate": "2034-07-14",
         "hscode": 30479,
         "valueofgoods_omu": 135100.0,
         "generated_by": "tuna",
         "dataset": "MC2",
         "source": "xi\u01ceo xi\u0101 S.p.A. Deep-sea",
         "target": "Irish Sea  Salt spray"
      },
      {
         "arrivaldate": "2034-07-09",
         "hscode": 30479,
         "valueofgoods_omu": 138090.0,
         "generated_by": "tuna",
         "dataset": "MC2",
         "source": "xi\u01ceo xi\u0101 S.p.A. Deep-sea",
         "target": "Irish Sea  Salt spray"
      },
      {
         "arrivaldate": "2034-07-14",
         "hscode": 30479,
         "valueofgoods_omu": 135100.0,
         "generated_by": "tuna",
         "dataset": "MC2",
         "source": "xi\u01ceo xi\u0101 S.p.A. Deep-sea",
         "target": "Irish Sea  Salt spray"
      },
      {
         "arrivaldate": "2034-07-09",
         "hscode": 30479,
         "valueofgoods_omu": 138090.0,
         "generated_by": "tuna",
         "dataset": "MC2",
         "source": "xi\u01ceo xi\u0101 S.p.A. Deep-sea",
         "target": "Irish Sea  Salt spray"
      },
      {
         "arrivaldate": "2034-07-14",
         "hscode": 30479,
         "valueofgoods_omu": 135100.0,
         "generated_by": "tuna",
         "dataset": "MC2",
         "source": "xi\u01ceo xi\u0101 S.p.A. Deep-sea",
         "target": "Irish Sea  Salt spray"
      },
      {
         "arrivaldate": "2034-07-09",
         "hscode": 30479,
         "valueofgoods_omu": 138090.0,
         "generated_by": "tuna",
         "dataset": "MC2",
         "source": "xi\u01ceo xi\u0101 S.p.A. Deep-sea",
         "target": "Irish Sea  Salt spray"
      },
      {
         "arrivaldate": "2034-07-09",
         "hscode": 30479,
         "valueofgoods_omu": 138090.0,
         "generated_by": "tuna",
         "dataset": "MC2",
         "source": "xi\u01ceo xi\u0101 S.p.A. Deep-sea",
         "target": "Irish Sea  Salt spray"
      },
      {
         "arrivaldate": "2034-02-04",
         "hscode": 293499,
         "valueofgoods_omu": 32010.0,
         "generated_by": "tuna",
         "dataset": "MC2",
         "source": "Senegal Coast  A/S Delivery",
         "target": "Senegal Coast  A/S Delivery"
      },
      {
         "arrivaldate": "2034-06-16",
         "hscode": 290950,
         "valueofgoods_omu": 16410.0,
         "generated_by": "tuna",
         "dataset": "MC2",
         "source": "Senegal Coast  A/S Delivery",
         "target": "Senegal Coast  A/S Delivery"
      },
      {
         "arrivaldate": "2034-11-11",
         "hscode": 290950,
         "valueofgoods_omu": 12910.0,
         "generated_by": "tuna",
         "dataset": "MC2",
         "source": "Senegal Coast  A/S Delivery",
         "target": "Senegal Coast  A/S Delivery"
      },
      {
         "arrivaldate": "2034-03-18",
         "hscode": 290950,
         "valueofgoods_omu": 17710.0,
         "generated_by": "tuna",
         "dataset": "MC2",
         "source": "Senegal Coast  A/S Delivery",
         "target": "Senegal Coast  A/S Delivery"
      },
      {
         "arrivaldate": "2034-11-11",
         "hscode": 290950,
         "valueofgoods_omu": 12910.0,
         "generated_by": "tuna",
         "dataset": "MC2",
         "source": "Senegal Coast  A/S Delivery",
         "target": "Senegal Coast  A/S Delivery"
      },
      {
         "arrivaldate": "2034-06-16",
         "hscode": 290950,
         "valueofgoods_omu": 16410.0,
         "generated_by": "tuna",
         "dataset": "MC2",
         "source": "Senegal Coast  A/S Delivery",
         "target": "Senegal Coast  A/S Delivery"
      },
      {
         "arrivaldate": "2034-03-18",
         "hscode": 290950,
         "valueofgoods_omu": 17710.0,
         "generated_by": "tuna",
         "dataset": "MC2",
         "source": "Senegal Coast  A/S Delivery",
         "target": "Senegal Coast  A/S Delivery"
      },
      {
         "arrivaldate": "2034-06-16",
         "hscode": 290950,
         "valueofgoods_omu": 16410.0,
         "generated_by": "tuna",
         "dataset": "MC2",
         "source": "Senegal Coast  A/S Delivery",
         "target": "Senegal Coast  A/S Delivery"
      },
      {
         "arrivaldate": "2034-02-04",
         "hscode": 293499,
         "valueofgoods_omu": 32010.0,
         "generated_by": "tuna",
         "dataset": "MC2",
         "source": "Senegal Coast  A/S Delivery",
         "target": "Senegal Coast  A/S Delivery"
      },
      {
         "arrivaldate": "2034-02-04",
         "hscode": 293499,
         "valueofgoods_omu": 32010.0,
         "generated_by": "tuna",
         "dataset": "MC2",
         "source": "Senegal Coast  A/S Delivery",
         "target": "Senegal Coast  A/S Delivery"
      },
      {
         "arrivaldate": "2034-02-04",
         "hscode": 293499,
         "valueofgoods_omu": 32010.0,
         "generated_by": "tuna",
         "dataset": "MC2",
         "source": "Senegal Coast  A/S Delivery",
         "target": "Senegal Coast  A/S Delivery"
      },
      {
         "arrivaldate": "2034-03-18",
         "hscode": 290950,
         "valueofgoods_omu": 17710.0,
         "generated_by": "tuna",
         "dataset": "MC2",
         "source": "Senegal Coast  A/S Delivery",
         "target": "Senegal Coast  A/S Delivery"
      },
      {
         "arrivaldate": "2034-03-18",
         "hscode": 290950,
         "valueofgoods_omu": 17710.0,
         "generated_by": "tuna",
         "dataset": "MC2",
         "source": "Senegal Coast  A/S Delivery",
         "target": "Senegal Coast  A/S Delivery"
      },
      {
         "arrivaldate": "2034-02-04",
         "hscode": 293499,
         "valueofgoods_omu": 32010.0,
         "generated_by": "tuna",
         "dataset": "MC2",
         "source": "Senegal Coast  A/S Delivery",
         "target": "Senegal Coast  A/S Delivery"
      },
      {
         "arrivaldate": "2034-02-04",
         "hscode": 293499,
         "valueofgoods_omu": 32010.0,
         "generated_by": "tuna",
         "dataset": "MC2",
         "source": "Senegal Coast  A/S Delivery",
         "target": "Senegal Coast  A/S Delivery"
      },
      {
         "arrivaldate": "2034-03-18",
         "hscode": 290950,
         "valueofgoods_omu": 17710.0,
         "generated_by": "tuna",
         "dataset": "MC2",
         "source": "Senegal Coast  A/S Delivery",
         "target": "Senegal Coast  A/S Delivery"
      },
      {
         "arrivaldate": "2034-03-18",
         "hscode": 290950,
         "valueofgoods_omu": 17710.0,
         "generated_by": "tuna",
         "dataset": "MC2",
         "source": "Senegal Coast  A/S Delivery",
         "target": "Senegal Coast  A/S Delivery"
      },
      {
         "arrivaldate": "2034-11-11",
         "hscode": 290950,
         "valueofgoods_omu": 12910.0,
         "generated_by": "tuna",
         "dataset": "MC2",
         "source": "Senegal Coast  A/S Delivery",
         "target": "Senegal Coast  A/S Delivery"
      },
      {
         "arrivaldate": "2034-02-04",
         "hscode": 293499,
         "valueofgoods_omu": 32010.0,
         "generated_by": "tuna",
         "dataset": "MC2",
         "source": "Senegal Coast  A/S Delivery",
         "target": "Senegal Coast  A/S Delivery"
      },
      {
         "arrivaldate": "2034-06-16",
         "hscode": 290950,
         "valueofgoods_omu": 16410.0,
         "generated_by": "tuna",
         "dataset": "MC2",
         "source": "Senegal Coast  A/S Delivery",
         "target": "Senegal Coast  A/S Delivery"
      },
      {
         "arrivaldate": "2034-11-11",
         "hscode": 290950,
         "valueofgoods_omu": 12910.0,
         "generated_by": "tuna",
         "dataset": "MC2",
         "source": "Senegal Coast  A/S Delivery",
         "target": "Senegal Coast  A/S Delivery"
      },
      {
         "arrivaldate": "2034-11-11",
         "hscode": 290950,
         "valueofgoods_omu": 12910.0,
         "generated_by": "tuna",
         "dataset": "MC2",
         "source": "Senegal Coast  A/S Delivery",
         "target": "Senegal Coast  A/S Delivery"
      },
      {
         "arrivaldate": "2034-06-16",
         "hscode": 290950,
         "valueofgoods_omu": 16410.0,
         "generated_by": "tuna",
         "dataset": "MC2",
         "source": "Senegal Coast  A/S Delivery",
         "target": "Senegal Coast  A/S Delivery"
      },
      {
         "arrivaldate": "2034-11-11",
         "hscode": 290950,
         "valueofgoods_omu": 12910.0,
         "generated_by": "tuna",
         "dataset": "MC2",
         "source": "Senegal Coast  A/S Delivery",
         "target": "Senegal Coast  A/S Delivery"
      },
      {
         "arrivaldate": "2034-11-11",
         "hscode": 290950,
         "valueofgoods_omu": 12910.0,
         "generated_by": "tuna",
         "dataset": "MC2",
         "source": "Senegal Coast  A/S Delivery",
         "target": "Senegal Coast  A/S Delivery"
      },
      {
         "arrivaldate": "2034-03-18",
         "hscode": 290950,
         "valueofgoods_omu": 17710.0,
         "generated_by": "tuna",
         "dataset": "MC2",
         "source": "Senegal Coast  A/S Delivery",
         "target": "Senegal Coast  A/S Delivery"
      },
      {
         "arrivaldate": "2034-07-15",
         "hscode": 392190,
         "generated_by": "tuna",
         "dataset": "MC2",
         "source": "Senegal Coast  A/S Delivery",
         "target": "Greek Sea Bass LLC"
      },
      {
         "arrivaldate": "2034-07-15",
         "hscode": 392190,
         "generated_by": "tuna",
         "dataset": "MC2",
         "source": "Senegal Coast  A/S Delivery",
         "target": "Greek Sea Bass LLC"
      },
      {
         "arrivaldate": "2034-07-15",
         "hscode": 392190,
         "generated_by": "tuna",
         "dataset": "MC2",
         "source": "Senegal Coast  A/S Delivery",
         "target": "Greek Sea Bass LLC"
      },
      {
         "arrivaldate": "2034-07-15",
         "hscode": 392190,
         "generated_by": "tuna",
         "dataset": "MC2",
         "source": "Senegal Coast  A/S Delivery",
         "target": "Greek Sea Bass LLC"
      },
      {
         "arrivaldate": "2034-10-29",
         "hscode": 540742,
         "valueofgoods_omu": 14310.0,
         "generated_by": "tuna",
         "dataset": "MC2",
         "source": "Sea Breeze Marine biology",
         "target": "ReefRider Foods Ltd. Corporation Family"
      },
      {
         "arrivaldate": "2034-10-29",
         "hscode": 540742,
         "valueofgoods_omu": 14310.0,
         "generated_by": "tuna",
         "dataset": "MC2",
         "source": "Sea Breeze Marine biology",
         "target": "ReefRider Foods Ltd. Corporation Family"
      },
      {
         "arrivaldate": "2034-10-29",
         "hscode": 540742,
         "valueofgoods_omu": 14310.0,
         "generated_by": "tuna",
         "dataset": "MC2",
         "source": "Sea Breeze Marine biology",
         "target": "ReefRider Foods Ltd. Corporation Family"
      },
      {
         "arrivaldate": "2034-10-05",
         "hscode": 540751,
         "valueofgoods_omu": 20310.0,
         "generated_by": "tuna",
         "dataset": "MC2",
         "source": "Sea Breeze Marine biology",
         "target": "ReefRider Foods Ltd. Corporation Family"
      },
      {
         "arrivaldate": "2034-10-29",
         "hscode": 540742,
         "valueofgoods_omu": 14310.0,
         "generated_by": "tuna",
         "dataset": "MC2",
         "source": "Sea Breeze Marine biology",
         "target": "ReefRider Foods Ltd. Corporation Family"
      },
      {
         "arrivaldate": "2034-10-05",
         "hscode": 540751,
         "valueofgoods_omu": 20310.0,
         "generated_by": "tuna",
         "dataset": "MC2",
         "source": "Sea Breeze Marine biology",
         "target": "ReefRider Foods Ltd. Corporation Family"
      },
      {
         "arrivaldate": "2034-10-05",
         "hscode": 540751,
         "valueofgoods_omu": 20310.0,
         "generated_by": "tuna",
         "dataset": "MC2",
         "source": "Sea Breeze Marine biology",
         "target": "ReefRider Foods Ltd. Corporation Family"
      },
      {
         "arrivaldate": "2034-10-05",
         "hscode": 540751,
         "valueofgoods_omu": 20310.0,
         "generated_by": "tuna",
         "dataset": "MC2",
         "source": "Sea Breeze Marine biology",
         "target": "ReefRider Foods Ltd. Corporation Family"
      },
      {
         "arrivaldate": "2034-10-29",
         "hscode": 540742,
         "valueofgoods_omu": 14310.0,
         "generated_by": "tuna",
         "dataset": "MC2",
         "source": "Sea Breeze Marine biology",
         "target": "ReefRider Foods Ltd. Corporation Family"
      },
      {
         "arrivaldate": "2034-10-29",
         "hscode": 540742,
         "valueofgoods_omu": 14310.0,
         "generated_by": "tuna",
         "dataset": "MC2",
         "source": "Sea Breeze Marine biology",
         "target": "ReefRider Foods Ltd. Corporation Family"
      },
      {
         "arrivaldate": "2034-08-18",
         "hscode": 540742,
         "valueofgoods_omu": 114025.0,
         "generated_by": "tuna",
         "dataset": "MC2",
         "source": "Sea Breeze Marine biology",
         "target": "ReefRider Foods Ltd. Corporation Family"
      },
      {
         "arrivaldate": "2034-08-18",
         "hscode": 540742,
         "valueofgoods_omu": 114025.0,
         "generated_by": "tuna",
         "dataset": "MC2",
         "source": "Sea Breeze Marine biology",
         "target": "ReefRider Foods Ltd. Corporation Family"
      },
      {
         "arrivaldate": "2034-10-29",
         "hscode": 540742,
         "valueofgoods_omu": 14310.0,
         "generated_by": "tuna",
         "dataset": "MC2",
         "source": "Sea Breeze Marine biology",
         "target": "ReefRider Foods Ltd. Corporation Family"
      },
      {
         "arrivaldate": "2034-10-29",
         "hscode": 540742,
         "valueofgoods_omu": 14310.0,
         "generated_by": "tuna",
         "dataset": "MC2",
         "source": "Sea Breeze Marine biology",
         "target": "ReefRider Foods Ltd. Corporation Family"
      },
      {
         "arrivaldate": "2034-10-29",
         "hscode": 540742,
         "valueofgoods_omu": 14310.0,
         "generated_by": "tuna",
         "dataset": "MC2",
         "source": "Sea Breeze Marine biology",
         "target": "ReefRider Foods Ltd. Corporation Family"
      },
      {
         "arrivaldate": "2034-10-29",
         "hscode": 540742,
         "valueofgoods_omu": 14310.0,
         "generated_by": "tuna",
         "dataset": "MC2",
         "source": "Sea Breeze Marine biology",
         "target": "ReefRider Foods Ltd. Corporation Family"
      },
      {
         "arrivaldate": "2034-08-18",
         "hscode": 540742,
         "valueofgoods_omu": 114025.0,
         "generated_by": "tuna",
         "dataset": "MC2",
         "source": "Sea Breeze Marine biology",
         "target": "ReefRider Foods Ltd. Corporation Family"
      },
      {
         "arrivaldate": "2034-10-29",
         "hscode": 540742,
         "valueofgoods_omu": 14310.0,
         "generated_by": "tuna",
         "dataset": "MC2",
         "source": "Sea Breeze Marine biology",
         "target": "ReefRider Foods Ltd. Corporation Family"
      },
      {
         "arrivaldate": "2034-08-18",
         "hscode": 540742,
         "valueofgoods_omu": 114025.0,
         "generated_by": "tuna",
         "dataset": "MC2",
         "source": "Sea Breeze Marine biology",
         "target": "ReefRider Foods Ltd. Corporation Family"
      },
      {
         "arrivaldate": "2034-08-18",
         "hscode": 540742,
         "valueofgoods_omu": 114025.0,
         "generated_by": "tuna",
         "dataset": "MC2",
         "source": "Sea Breeze Marine biology",
         "target": "ReefRider Foods Ltd. Corporation Family"
      },
      {
         "arrivaldate": "2034-05-05",
         "hscode": 392350,
         "generated_by": "tuna",
         "dataset": "MC2",
         "source": "Arunachal Pradesh s AS Abalone",
         "target": "Caracola del Sol Services"
      },
      {
         "arrivaldate": "2034-05-05",
         "hscode": 392350,
         "generated_by": "tuna",
         "dataset": "MC2",
         "source": "Arunachal Pradesh s AS Abalone",
         "target": "Caracola del Sol Services"
      },
      {
         "arrivaldate": "2034-05-05",
         "hscode": 392350,
         "generated_by": "tuna",
         "dataset": "MC2",
         "source": "Arunachal Pradesh s AS Abalone",
         "target": "Caracola del Sol Services"
      },
      {
         "arrivaldate": "2034-05-05",
         "hscode": 392350,
         "generated_by": "tuna",
         "dataset": "MC2",
         "source": "Arunachal Pradesh s AS Abalone",
         "target": "Caracola del Sol Services"
      },
      {
         "arrivaldate": "2034-05-05",
         "hscode": 392350,
         "generated_by": "tuna",
         "dataset": "MC2",
         "source": "Arunachal Pradesh s AS Abalone",
         "target": "Caracola del Sol Services"
      },
      {
         "arrivaldate": "2034-05-05",
         "hscode": 392350,
         "generated_by": "tuna",
         "dataset": "MC2",
         "source": "Arunachal Pradesh s AS Abalone",
         "target": "Caracola del Sol Services"
      },
      {
         "arrivaldate": "2034-05-05",
         "hscode": 392350,
         "generated_by": "tuna",
         "dataset": "MC2",
         "source": "Arunachal Pradesh s AS Abalone",
         "target": "Caracola del Sol Services"
      },
      {
         "arrivaldate": "2034-01-08",
         "hscode": 30563,
         "valueofgoods_omu": 85350.0,
         "generated_by": "tuna",
         "dataset": "MC2",
         "source": "Tsha wamba S.A. de C.V.",
         "target": "Saltwater Solitude N.V. International"
      },
      {
         "arrivaldate": "2034-03-19",
         "hscode": 30563,
         "valueofgoods_omu": 96305.0,
         "generated_by": "tuna",
         "dataset": "MC2",
         "source": "Tsha wamba S.A. de C.V.",
         "target": "Saltwater Solitude N.V. International"
      },
      {
         "arrivaldate": "2034-03-19",
         "hscode": 30563,
         "valueofgoods_omu": 96305.0,
         "generated_by": "tuna",
         "dataset": "MC2",
         "source": "Tsha wamba S.A. de C.V.",
         "target": "Saltwater Solitude N.V. International"
      },
      {
         "arrivaldate": "2034-01-21",
         "hscode": 30563,
         "valueofgoods_omu": 111015.0,
         "generated_by": "tuna",
         "dataset": "MC2",
         "source": "Tsha wamba S.A. de C.V.",
         "target": "Saltwater Solitude N.V. International"
      },
      {
         "arrivaldate": "2034-01-08",
         "hscode": 30563,
         "valueofgoods_omu": 85350.0,
         "generated_by": "tuna",
         "dataset": "MC2",
         "source": "Tsha wamba S.A. de C.V.",
         "target": "Saltwater Solitude N.V. International"
      },
      {
         "arrivaldate": "2034-03-19",
         "hscode": 30563,
         "valueofgoods_omu": 96305.0,
         "generated_by": "tuna",
         "dataset": "MC2",
         "source": "Tsha wamba S.A. de C.V.",
         "target": "Saltwater Solitude N.V. International"
      },
      {
         "arrivaldate": "2034-01-08",
         "hscode": 30563,
         "valueofgoods_omu": 85350.0,
         "generated_by": "tuna",
         "dataset": "MC2",
         "source": "Tsha wamba S.A. de C.V.",
         "target": "Saltwater Solitude N.V. International"
      },
      {
         "arrivaldate": "2034-01-08",
         "hscode": 30563,
         "valueofgoods_omu": 85350.0,
         "generated_by": "tuna",
         "dataset": "MC2",
         "source": "Tsha wamba S.A. de C.V.",
         "target": "Saltwater Solitude N.V. International"
      },
      {
         "arrivaldate": "2034-01-08",
         "hscode": 30563,
         "valueofgoods_omu": 85350.0,
         "generated_by": "tuna",
         "dataset": "MC2",
         "source": "Tsha wamba S.A. de C.V.",
         "target": "Saltwater Solitude N.V. International"
      },
      {
         "arrivaldate": "2034-03-19",
         "hscode": 30563,
         "valueofgoods_omu": 96305.0,
         "generated_by": "tuna",
         "dataset": "MC2",
         "source": "Tsha wamba S.A. de C.V.",
         "target": "Saltwater Solitude N.V. International"
      },
      {
         "arrivaldate": "2034-01-08",
         "hscode": 30563,
         "valueofgoods_omu": 85350.0,
         "generated_by": "tuna",
         "dataset": "MC2",
         "source": "Tsha wamba S.A. de C.V.",
         "target": "Saltwater Solitude N.V. International"
      },
      {
         "arrivaldate": "2034-01-08",
         "hscode": 30563,
         "valueofgoods_omu": 85350.0,
         "generated_by": "tuna",
         "dataset": "MC2",
         "source": "Tsha wamba S.A. de C.V.",
         "target": "Saltwater Solitude N.V. International"
      },
      {
         "arrivaldate": "2033-12-31",
         "hscode": 30563,
         "valueofgoods_omu": 94430.0,
         "generated_by": "tuna",
         "dataset": "MC2",
         "source": "Tsha wamba S.A. de C.V.",
         "target": "Saltwater Solitude N.V. International"
      },
      {
         "arrivaldate": "2034-03-19",
         "hscode": 30563,
         "valueofgoods_omu": 96305.0,
         "generated_by": "tuna",
         "dataset": "MC2",
         "source": "Tsha wamba S.A. de C.V.",
         "target": "Saltwater Solitude N.V. International"
      },
      {
         "arrivaldate": "2034-03-19",
         "hscode": 30563,
         "valueofgoods_omu": 96305.0,
         "generated_by": "tuna",
         "dataset": "MC2",
         "source": "Tsha wamba S.A. de C.V.",
         "target": "Saltwater Solitude N.V. International"
      },
      {
         "arrivaldate": "2034-03-19",
         "hscode": 30563,
         "valueofgoods_omu": 96385.0,
         "generated_by": "tuna",
         "dataset": "MC2",
         "source": "Tsha wamba S.A. de C.V.",
         "target": "Saltwater Solitude N.V. International"
      },
      {
         "arrivaldate": "2034-03-19",
         "hscode": 30563,
         "valueofgoods_omu": 96385.0,
         "generated_by": "tuna",
         "dataset": "MC2",
         "source": "Tsha wamba S.A. de C.V.",
         "target": "Saltwater Solitude N.V. International"
      },
      {
         "arrivaldate": "2034-02-02",
         "hscode": 30563,
         "valueofgoods_omu": 110065.0,
         "generated_by": "tuna",
         "dataset": "MC2",
         "source": "Tsha wamba S.A. de C.V.",
         "target": "Saltwater Solitude N.V. International"
      },
      {
         "arrivaldate": "2034-03-19",
         "hscode": 30563,
         "valueofgoods_omu": 96305.0,
         "generated_by": "tuna",
         "dataset": "MC2",
         "source": "Tsha wamba S.A. de C.V.",
         "target": "Saltwater Solitude N.V. International"
      },
      {
         "arrivaldate": "2034-01-08",
         "hscode": 30563,
         "valueofgoods_omu": 85350.0,
         "generated_by": "tuna",
         "dataset": "MC2",
         "source": "Tsha wamba S.A. de C.V.",
         "target": "Saltwater Solitude N.V. International"
      },
      {
         "arrivaldate": "2034-09-19",
         "hscode": 30743,
         "valueofgoods_omu": 111025.0,
         "generated_by": "tuna",
         "dataset": "MC2",
         "source": "Joseph Limited Liability Company",
         "target": "Mar del Para\u00edso Corporation Logistics"
      },
      {
         "arrivaldate": "2034-09-19",
         "hscode": 30743,
         "valueofgoods_omu": 111025.0,
         "generated_by": "tuna",
         "dataset": "MC2",
         "source": "Joseph Limited Liability Company",
         "target": "Mar del Para\u00edso Corporation Logistics"
      },
      {
         "arrivaldate": "2034-09-19",
         "hscode": 30743,
         "valueofgoods_omu": 111025.0,
         "generated_by": "tuna",
         "dataset": "MC2",
         "source": "Joseph Limited Liability Company",
         "target": "Mar del Para\u00edso Corporation Logistics"
      },
      {
         "arrivaldate": "2034-09-19",
         "hscode": 30743,
         "valueofgoods_omu": 111025.0,
         "generated_by": "tuna",
         "dataset": "MC2",
         "source": "Joseph Limited Liability Company",
         "target": "Mar del Para\u00edso Corporation Logistics"
      },
      {
         "arrivaldate": "2034-09-19",
         "hscode": 30743,
         "valueofgoods_omu": 111025.0,
         "generated_by": "tuna",
         "dataset": "MC2",
         "source": "Joseph Limited Liability Company",
         "target": "Mar del Para\u00edso Corporation Logistics"
      },
      {
         "arrivaldate": "2034-09-19",
         "hscode": 30743,
         "valueofgoods_omu": 111025.0,
         "generated_by": "tuna",
         "dataset": "MC2",
         "source": "Joseph Limited Liability Company",
         "target": "Mar del Para\u00edso Corporation Logistics"
      },
      {
         "arrivaldate": "2034-09-19",
         "hscode": 30743,
         "valueofgoods_omu": 111025.0,
         "generated_by": "tuna",
         "dataset": "MC2",
         "source": "Joseph Limited Liability Company",
         "target": "Mar del Para\u00edso Corporation Logistics"
      },
      {
         "arrivaldate": "2034-08-13",
         "hscode": 30749,
         "valueofgoods_omu": 115075.0,
         "generated_by": "tuna",
         "dataset": "MC2",
         "source": "Joseph Limited Liability Company",
         "target": "h\u01cei d\u01cen Corporation Wharf"
      },
      {
         "arrivaldate": "2034-08-13",
         "hscode": 30749,
         "valueofgoods_omu": 115075.0,
         "generated_by": "tuna",
         "dataset": "MC2",
         "source": "Joseph Limited Liability Company",
         "target": "h\u01cei d\u01cen Corporation Wharf"
      },
      {
         "arrivaldate": "2034-08-13",
         "hscode": 30749,
         "valueofgoods_omu": 115075.0,
         "generated_by": "tuna",
         "dataset": "MC2",
         "source": "Joseph Limited Liability Company",
         "target": "h\u01cei d\u01cen Corporation Wharf"
      },
      {
         "arrivaldate": "2034-08-13",
         "hscode": 30749,
         "valueofgoods_omu": 115075.0,
         "generated_by": "tuna",
         "dataset": "MC2",
         "source": "Joseph Limited Liability Company",
         "target": "h\u01cei d\u01cen Corporation Wharf"
      },
      {
         "arrivaldate": "2034-08-13",
         "hscode": 30749,
         "valueofgoods_omu": 115075.0,
         "generated_by": "tuna",
         "dataset": "MC2",
         "source": "Joseph Limited Liability Company",
         "target": "h\u01cei d\u01cen Corporation Wharf"
      },
      {
         "arrivaldate": "2034-08-13",
         "hscode": 30749,
         "valueofgoods_omu": 115075.0,
         "generated_by": "tuna",
         "dataset": "MC2",
         "source": "Joseph Limited Liability Company",
         "target": "h\u01cei d\u01cen Corporation Wharf"
      },
      {
         "arrivaldate": "2034-08-24",
         "hscode": 20622,
         "valueofgoods_omu": 24410.0,
         "generated_by": "tuna",
         "dataset": "MC2",
         "source": "Joseph Limited Liability Company",
         "target": "Yu xian  SRL Industrial"
      },
      {
         "arrivaldate": "2034-08-24",
         "hscode": 20622,
         "valueofgoods_omu": 24410.0,
         "generated_by": "tuna",
         "dataset": "MC2",
         "source": "Joseph Limited Liability Company",
         "target": "Yu xian  SRL Industrial"
      },
      {
         "arrivaldate": "2034-08-24",
         "hscode": 20622,
         "valueofgoods_omu": 24410.0,
         "generated_by": "tuna",
         "dataset": "MC2",
         "source": "Joseph Limited Liability Company",
         "target": "Yu xian  SRL Industrial"
      },
      {
         "arrivaldate": "2034-08-24",
         "hscode": 20622,
         "valueofgoods_omu": 24410.0,
         "generated_by": "tuna",
         "dataset": "MC2",
         "source": "Joseph Limited Liability Company",
         "target": "Yu xian  SRL Industrial"
      }
   ]
}